TimeID,Date,Day,Month,Quarter,Year
1,2013-01-02,2,1,1,2013
2,2013-01-03,3,1,1,2013
3,2013-01-04,4,1,1,2013
4,2013-01-08,8,1,1,2013
5,2013-01-10,10,1,1,2013
6,2013-01-11,11,1,1,2013
7,2013-01-12,12,1,1,2013
8,2013-01-14,14,1,1,2013
9,2013-01-16,16,1,1,2013
10,2013-01-17,17,1,1,2013
11,2013-01-18,18,1,1,2013
12,2013-01-19,19,1,1,2013
13,2013-01-20,20,1,1,2013
14,2013-01-23,23,1,1,2013
15,2013-01-24,24,1,1,2013
16,2013-01-25,25,1,1,2013
17,2013-01-26,26,1,1,2013
18,2013-01-27,27,1,1,2013
19,2013-01-29,29,1,1,2013
20,2013-01-31,31,1,1,2013
21,2013-02-01,1,2,1,2013
22,2013-02-03,3,2,1,2013
23,2013-02-04,4,2,1,2013
24,2013-02-05,5,2,1,2013
25,2013-02-06,6,2,1,2013
26,2013-02-11,11,2,1,2013
27,2013-02-13,13,2,1,2013
28,2013-02-14,14,2,1,2013
29,2013-02-16,16,2,1,2013
30,2013-02-18,18,2,1,2013
31,2013-02-19,19,2,1,2013
32,2013-02-21,21,2,1,2013
33,2013-02-22,22,2,1,2013
34,2013-02-26,26,2,1,2013
35,2013-02-27,27,2,1,2013
36,2013-02-28,28,2,1,2013
37,2013-03-01,1,3,1,2013
38,2013-03-02,2,3,1,2013
39,2013-03-03,3,3,1,2013
40,2013-03-04,4,3,1,2013
41,2013-03-06,6,3,1,2013
42,2013-03-07,7,3,1,2013
43,2013-03-08,8,3,1,2013
44,2013-03-10,10,3,1,2013
45,2013-03-12,12,3,1,2013
46,2013-03-14,14,3,1,2013
47,2013-03-17,17,3,1,2013
48,2013-03-19,19,3,1,2013
49,2013-03-23,23,3,1,2013
50,2013-03-24,24,3,1,2013
51,2013-03-25,25,3,1,2013
52,2013-03-26,26,3,1,2013
53,2013-03-28,28,3,1,2013
54,2013-03-31,31,3,1,2013
55,2013-04-01,1,4,2,2013
56,2013-04-02,2,4,2,2013
57,2013-04-04,4,4,2,2013
58,2013-04-06,6,4,2,2013
59,2013-04-07,7,4,2,2013
60,2013-04-10,10,4,2,2013
61,2013-04-12,12,4,2,2013
62,2013-04-13,13,4,2,2013
63,2013-04-14,14,4,2,2013
64,2013-04-15,15,4,2,2013
65,2013-04-18,18,4,2,2013
66,2013-04-21,21,4,2,2013
67,2013-04-23,23,4,2,2013
68,2013-04-25,25,4,2,2013
69,2013-04-26,26,4,2,2013
70,2013-04-27,27,4,2,2013
71,2013-04-29,29,4,2,2013
72,2013-04-30,30,4,2,2013
73,2013-05-01,1,5,2,2013
74,2013-05-02,2,5,2,2013
75,2013-05-03,3,5,2,2013
76,2013-05-04,4,5,2,2013
77,2013-05-05,5,5,2,2013
78,2013-05-06,6,5,2,2013
79,2013-05-07,7,5,2,2013
80,2013-05-09,9,5,2,2013
81,2013-05-10,10,5,2,2013
82,2013-05-12,12,5,2,2013
83,2013-05-13,13,5,2,2013
84,2013-05-14,14,5,2,2013
85,2013-05-15,15,5,2,2013
86,2013-05-17,17,5,2,2013
87,2013-05-20,20,5,2,2013
88,2013-05-21,21,5,2,2013
89,2013-05-24,24,5,2,2013
90,2013-05-27,27,5,2,2013
91,2013-05-28,28,5,2,2013
92,2013-05-30,30,5,2,2013
93,2014-01-01,1,1,1,2014
94,2014-01-02,2,1,1,2014
95,2014-01-03,3,1,1,2014
96,2014-01-04,4,1,1,2014
97,2014-01-08,8,1,1,2014
98,2014-01-10,10,1,1,2014
99,2014-01-11,11,1,1,2014
100,2014-01-12,12,1,1,2014
101,2014-01-14,14,1,1,2014
102,2014-01-16,16,1,1,2014
103,2014-01-17,17,1,1,2014
104,2014-01-18,18,1,1,2014
105,2014-01-19,19,1,1,2014
106,2014-01-20,20,1,1,2014
107,2014-01-23,23,1,1,2014
108,2014-01-24,24,1,1,2014
109,2014-01-25,25,1,1,2014
110,2014-01-26,26,1,1,2014
111,2014-01-27,27,1,1,2014
112,2014-01-29,29,1,1,2014
113,2014-01-30,30,1,1,2014
114,2014-01-31,31,1,1,2014
115,2014-02-01,1,2,1,2014
116,2014-02-03,3,2,1,2014
117,2014-02-04,4,2,1,2014
118,2014-02-05,5,2,1,2014
119,2014-02-06,6,2,1,2014
120,2014-02-11,11,2,1,2014
121,2014-02-12,12,2,1,2014
122,2014-02-13,13,2,1,2014
123,2014-02-14,14,2,1,2014
124,2014-02-16,16,2,1,2014
125,2014-02-18,18,2,1,2014
126,2014-02-19,19,2,1,2014
127,2014-02-21,21,2,1,2014
128,2014-02-22,22,2,1,2014
129,2014-02-23,23,2,1,2014
130,2014-02-26,26,2,1,2014
131,2014-02-27,27,2,1,2014
132,2014-02-28,28,2,1,2014
133,2014-03-01,1,3,1,2014
134,2014-03-02,2,3,1,2014
135,2014-03-03,3,3,1,2014
136,2014-03-04,4,3,1,2014
137,2014-03-05,5,3,1,2014
138,2014-03-06,6,3,1,2014
139,2014-03-07,7,3,1,2014
140,2014-03-08,8,3,1,2014
141,2014-03-10,10,3,1,2014
142,2014-03-11,11,3,1,2014
143,2014-03-12,12,3,1,2014
144,2014-03-14,14,3,1,2014
145,2014-03-15,15,3,1,2014
146,2014-03-17,17,3,1,2014
147,2014-03-19,19,3,1,2014
148,2014-03-21,21,3,1,2014
149,2014-03-23,23,3,1,2014
150,2014-03-24,24,3,1,2014
151,2014-03-25,25,3,1,2014
152,2014-03-26,26,3,1,2014
153,2014-03-28,28,3,1,2014
154,2014-03-30,30,3,1,2014
155,2014-03-31,31,3,1,2014
156,2014-04-01,1,4,2,2014
157,2014-04-02,2,4,2,2014
158,2014-04-03,3,4,2,2014
159,2014-04-04,4,4,2,2014
160,2014-04-06,6,4,2,2014
161,2014-04-07,7,4,2,2014
162,2014-04-09,9,4,2,2014
163,2014-04-10,10,4,2,2014
164,2014-04-11,11,4,2,2014
165,2014-04-12,12,4,2,2014
166,2014-04-13,13,4,2,2014
167,2014-04-14,14,4,2,2014
168,2014-04-15,15,4,2,2014
169,2014-04-17,17,4,2,2014
170,2014-04-18,18,4,2,2014
171,2014-04-21,21,4,2,2014
172,2014-04-23,23,4,2,2014
173,2014-04-25,25,4,2,2014
174,2014-04-26,26,4,2,2014
175,2014-04-27,27,4,2,2014
176,2014-04-29,29,4,2,2014
177,2014-04-30,30,4,2,2014
178,2014-05-01,1,5,2,2014
179,2014-05-02,2,5,2,2014
180,2014-05-03,3,5,2,2014
181,2014-05-04,4,5,2,2014
182,2014-05-05,5,5,2,2014
183,2014-05-06,6,5,2,2014
184,2014-05-07,7,5,2,2014
185,2014-05-08,8,5,2,2014
186,2014-05-09,9,5,2,2014
187,2014-05-10,10,5,2,2014
188,2014-05-11,11,5,2,2014
189,2014-05-12,12,5,2,2014
190,2014-05-13,13,5,2,2014
191,2014-05-14,14,5,2,2014
192,2014-05-15,15,5,2,2014
193,2014-05-17,17,5,2,2014
194,2014-05-20,20,5,2,2014
195,2014-05-21,21,5,2,2014
196,2014-05-22,22,5,2,2014
197,2014-05-23,23,5,2,2014
198,2014-05-24,24,5,2,2014
199,2014-05-25,25,5,2,2014
200,2014-05-27,27,5,2,2014
201,2014-05-28,28,5,2,2014
202,2014-05-30,30,5,2,2014
203,2014-06-01,1,6,2,2014
204,2014-06-05,5,6,2,2014
205,2014-06-07,7,6,2,2014
206,2014-06-10,10,6,2,2014
207,2014-06-13,13,6,2,2014
208,2014-06-14,14,6,2,2014
209,2014-06-15,15,6,2,2014
210,2014-06-22,22,6,2,2014
211,2014-07-02,2,7,3,2014
212,2014-07-09,9,7,3,2014
213,2014-07-11,11,7,3,2014
214,2014-07-16,16,7,3,2014
215,2014-07-18,18,7,3,2014
216,2014-07-19,19,7,3,2014
217,2014-07-20,20,7,3,2014
218,2014-07-28,28,7,3,2014
219,2014-07-29,29,7,3,2014
220,2014-07-31,31,7,3,2014
221,2014-08-05,5,8,3,2014
222,2014-08-08,8,8,3,2014
223,2014-08-14,14,8,3,2014
224,2014-08-15,15,8,3,2014
225,2014-08-17,17,8,3,2014
226,2014-08-18,18,8,3,2014
227,2014-08-19,19,8,3,2014
228,2014-08-22,22,8,3,2014
229,2014-08-26,26,8,3,2014
230,2014-08-28,28,8,3,2014
231,2014-08-30,30,8,3,2014
232,2014-09-03,3,9,3,2014
233,2014-09-05,5,9,3,2014
234,2014-09-09,9,9,3,2014
235,2014-09-15,15,9,3,2014
236,2014-09-22,22,9,3,2014
237,2014-09-23,23,9,3,2014
238,2014-09-25,25,9,3,2014
239,2014-09-27,27,9,3,2014
240,2014-09-29,29,9,3,2014
241,2014-10-02,2,10,4,2014
242,2014-10-04,4,10,4,2014
243,2014-10-10,10,10,4,2014
244,2014-10-15,15,10,4,2014
245,2014-10-18,18,10,4,2014
246,2014-10-19,19,10,4,2014
247,2014-10-26,26,10,4,2014
248,2014-10-27,27,10,4,2014
249,2014-10-29,29,10,4,2014
250,2014-10-31,31,10,4,2014
251,2014-11-01,1,11,4,2014
252,2014-11-03,3,11,4,2014
253,2014-11-04,4,11,4,2014
254,2014-11-06,6,11,4,2014
255,2014-11-08,8,11,4,2014
256,2014-11-09,9,11,4,2014
257,2014-11-12,12,11,4,2014
258,2014-11-23,23,11,4,2014
259,2014-11-26,26,11,4,2014
260,2014-12-04,4,12,4,2014
261,2014-12-06,6,12,4,2014
262,2014-12-09,9,12,4,2014
263,2014-12-10,10,12,4,2014
264,2014-12-14,14,12,4,2014
265,2014-12-17,17,12,4,2014
266,2014-12-18,18,12,4,2014
267,2014-12-20,20,12,4,2014
268,2014-12-25,25,12,4,2014
269,2014-12-26,26,12,4,2014
270,2014-12-27,27,12,4,2014
271,2015-01-01,1,1,1,2015
272,2015-01-02,2,1,1,2015
273,2015-01-03,3,1,1,2015
274,2015-01-04,4,1,1,2015
275,2015-01-05,5,1,1,2015
276,2015-01-06,6,1,1,2015
277,2015-01-07,7,1,1,2015
278,2015-01-08,8,1,1,2015
279,2015-01-10,10,1,1,2015
280,2015-01-11,11,1,1,2015
281,2015-01-12,12,1,1,2015
282,2015-01-14,14,1,1,2015
283,2015-01-15,15,1,1,2015
284,2015-01-16,16,1,1,2015
285,2015-01-17,17,1,1,2015
286,2015-01-18,18,1,1,2015
287,2015-01-19,19,1,1,2015
288,2015-01-20,20,1,1,2015
289,2015-01-23,23,1,1,2015
290,2015-01-24,24,1,1,2015
291,2015-01-25,25,1,1,2015
292,2015-01-26,26,1,1,2015
293,2015-01-27,27,1,1,2015
294,2015-01-29,29,1,1,2015
295,2015-01-30,30,1,1,2015
296,2015-01-31,31,1,1,2015
297,2015-02-01,1,2,1,2015
298,2015-02-02,2,2,1,2015
299,2015-02-03,3,2,1,2015
300,2015-02-04,4,2,1,2015
301,2015-02-05,5,2,1,2015
302,2015-02-06,6,2,1,2015
303,2015-02-09,9,2,1,2015
304,2015-02-10,10,2,1,2015
305,2015-02-11,11,2,1,2015
306,2015-02-12,12,2,1,2015
307,2015-02-13,13,2,1,2015
308,2015-02-14,14,2,1,2015
309,2015-02-16,16,2,1,2015
310,2015-02-18,18,2,1,2015
311,2015-02-19,19,2,1,2015
312,2015-02-21,21,2,1,2015
313,2015-02-22,22,2,1,2015
314,2015-02-23,23,2,1,2015
315,2015-02-24,24,2,1,2015
316,2015-02-25,25,2,1,2015
317,2015-02-26,26,2,1,2015
318,2015-02-27,27,2,1,2015
319,2015-02-28,28,2,1,2015
320,2015-03-01,1,3,1,2015
321,2015-03-02,2,3,1,2015
322,2015-03-03,3,3,1,2015
323,2015-03-04,4,3,1,2015
324,2015-03-05,5,3,1,2015
325,2015-03-06,6,3,1,2015
326,2015-03-07,7,3,1,2015
327,2015-03-08,8,3,1,2015
328,2015-03-10,10,3,1,2015
329,2015-03-11,11,3,1,2015
330,2015-03-12,12,3,1,2015
331,2015-03-14,14,3,1,2015
332,2015-03-15,15,3,1,2015
333,2015-03-16,16,3,1,2015
334,2015-03-17,17,3,1,2015
335,2015-03-18,18,3,1,2015
336,2015-03-19,19,3,1,2015
337,2015-03-20,20,3,1,2015
338,2015-03-23,23,3,1,2015
339,2015-03-24,24,3,1,2015
340,2015-03-25,25,3,1,2015
341,2015-03-26,26,3,1,2015
342,2015-03-28,28,3,1,2015
343,2015-03-29,29,3,1,2015
344,2015-03-30,30,3,1,2015
345,2015-03-31,31,3,1,2015
346,2015-04-01,1,4,2,2015
347,2015-04-02,2,4,2,2015
348,2015-04-03,3,4,2,2015
349,2015-04-04,4,4,2,2015
350,2015-04-06,6,4,2,2015
351,2015-04-07,7,4,2,2015
352,2015-04-09,9,4,2,2015
353,2015-04-10,10,4,2,2015
354,2015-04-11,11,4,2,2015
355,2015-04-12,12,4,2,2015
356,2015-04-13,13,4,2,2015
357,2015-04-14,14,4,2,2015
358,2015-04-15,15,4,2,2015
359,2015-04-17,17,4,2,2015
360,2015-04-18,18,4,2,2015
361,2015-04-20,20,4,2,2015
362,2015-04-21,21,4,2,2015
363,2015-04-22,22,4,2,2015
364,2015-04-23,23,4,2,2015
365,2015-04-24,24,4,2,2015
366,2015-04-25,25,4,2,2015
367,2015-04-26,26,4,2,2015
368,2015-04-27,27,4,2,2015
369,2015-04-29,29,4,2,2015
370,2015-04-30,30,4,2,2015
371,2015-05-01,1,5,2,2015
372,2015-05-02,2,5,2,2015
373,2015-05-03,3,5,2,2015
374,2015-05-04,4,5,2,2015
375,2015-05-05,5,5,2,2015
376,2015-05-06,6,5,2,2015
377,2015-05-07,7,5,2,2015
378,2015-05-08,8,5,2,2015
379,2015-05-09,9,5,2,2015
380,2015-05-10,10,5,2,2015
381,2015-05-11,11,5,2,2015
382,2015-05-12,12,5,2,2015
383,2015-05-13,13,5,2,2015
384,2015-05-14,14,5,2,2015
385,2015-05-15,15,5,2,2015
386,2015-05-16,16,5,2,2015
387,2015-05-17,17,5,2,2015
388,2015-05-20,20,5,2,2015
389,2015-05-21,21,5,2,2015
390,2015-05-22,22,5,2,2015
391,2015-05-23,23,5,2,2015
392,2015-05-24,24,5,2,2015
393,2015-05-25,25,5,2,2015
394,2015-05-27,27,5,2,2015
395,2015-05-28,28,5,2,2015
396,2015-05-29,29,5,2,2015
397,2015-05-30,30,5,2,2015
398,2015-06-01,1,6,2,2015
399,2015-06-02,2,6,2,2015
400,2015-06-05,5,6,2,2015
401,2015-06-06,6,6,2,2015
402,2015-06-07,7,6,2,2015
403,2015-06-10,10,6,2,2015
404,2015-06-11,11,6,2,2015
405,2015-06-13,13,6,2,2015
406,2015-06-14,14,6,2,2015
407,2015-06-15,15,6,2,2015
408,2015-06-17,17,6,2,2015
409,2015-06-18,18,6,2,2015
410,2015-06-20,20,6,2,2015
411,2015-06-22,22,6,2,2015
412,2015-06-23,23,6,2,2015
413,2015-06-24,24,6,2,2015
414,2015-06-25,25,6,2,2015
415,2015-06-27,27,6,2,2015
416,2015-06-29,29,6,2,2015
417,2015-07-02,2,7,3,2015
418,2015-07-04,4,7,3,2015
419,2015-07-06,6,7,3,2015
420,2015-07-07,7,7,3,2015
421,2015-07-09,9,7,3,2015
422,2015-07-10,10,7,3,2015
423,2015-07-11,11,7,3,2015
424,2015-07-12,12,7,3,2015
425,2015-07-16,16,7,3,2015
426,2015-07-18,18,7,3,2015
427,2015-07-19,19,7,3,2015
428,2015-07-20,20,7,3,2015
429,2015-07-26,26,7,3,2015
430,2015-07-28,28,7,3,2015
431,2015-07-29,29,7,3,2015
432,2015-07-31,31,7,3,2015
433,2015-08-01,1,8,3,2015
434,2015-08-05,5,8,3,2015
435,2015-08-08,8,8,3,2015
436,2015-08-11,11,8,3,2015
437,2015-08-14,14,8,3,2015
438,2015-08-15,15,8,3,2015
439,2015-08-16,16,8,3,2015
440,2015-08-17,17,8,3,2015
441,2015-08-18,18,8,3,2015
442,2015-08-19,19,8,3,2015
443,2015-08-22,22,8,3,2015
444,2015-08-26,26,8,3,2015
445,2015-08-28,28,8,3,2015
446,2015-09-03,3,9,3,2015
447,2015-09-05,5,9,3,2015
448,2015-09-09,9,9,3,2015
449,2015-09-13,13,9,3,2015
450,2015-09-15,15,9,3,2015
451,2015-09-17,17,9,3,2015
452,2015-09-22,22,9,3,2015
453,2015-09-23,23,9,3,2015
454,2015-09-25,25,9,3,2015
455,2015-09-27,27,9,3,2015
456,2015-09-28,28,9,3,2015
457,2015-09-29,29,9,3,2015
458,2015-10-02,2,10,4,2015
459,2015-10-04,4,10,4,2015
460,2015-10-09,9,10,4,2015
461,2015-10-10,10,10,4,2015
462,2015-10-15,15,10,4,2015
463,2015-10-18,18,10,4,2015
464,2015-10-19,19,10,4,2015
465,2015-10-23,23,10,4,2015
466,2015-10-26,26,10,4,2015
467,2015-10-27,27,10,4,2015
468,2015-10-29,29,10,4,2015
469,2015-10-30,30,10,4,2015
470,2015-10-31,31,10,4,2015
471,2015-11-01,1,11,4,2015
472,2015-11-03,3,11,4,2015
473,2015-11-04,4,11,4,2015
474,2015-11-06,6,11,4,2015
475,2015-11-07,7,11,4,2015
476,2015-11-08,8,11,4,2015
477,2015-11-09,9,11,4,2015
478,2015-11-10,10,11,4,2015
479,2015-11-11,11,11,4,2015
480,2015-11-12,12,11,4,2015
481,2015-11-15,15,11,4,2015
482,2015-11-18,18,11,4,2015
483,2015-11-19,19,11,4,2015
484,2015-11-20,20,11,4,2015
485,2015-11-21,21,11,4,2015
486,2015-11-22,22,11,4,2015
487,2015-11-23,23,11,4,2015
488,2015-11-24,24,11,4,2015
489,2015-11-26,26,11,4,2015
490,2015-11-27,27,11,4,2015
491,2015-11-28,28,11,4,2015
492,2015-11-29,29,11,4,2015
493,2015-12-02,2,12,4,2015
494,2015-12-04,4,12,4,2015
495,2015-12-06,6,12,4,2015
496,2015-12-08,8,12,4,2015
497,2015-12-09,9,12,4,2015
498,2015-12-10,10,12,4,2015
499,2015-12-14,14,12,4,2015
500,2015-12-15,15,12,4,2015
501,2015-12-17,17,12,4,2015
502,2015-12-18,18,12,4,2015
503,2015-12-19,19,12,4,2015
504,2015-12-20,20,12,4,2015
505,2015-12-21,21,12,4,2015
506,2015-12-23,23,12,4,2015
507,2015-12-25,25,12,4,2015
508,2015-12-26,26,12,4,2015
509,2015-12-27,27,12,4,2015
510,2015-12-28,28,12,4,2015
511,2015-12-31,31,12,4,2015
512,2016-01-01,1,1,1,2016
513,2016-01-02,2,1,1,2016
514,2016-01-03,3,1,1,2016
515,2016-01-04,4,1,1,2016
516,2016-01-05,5,1,1,2016
517,2016-01-06,6,1,1,2016
518,2016-01-07,7,1,1,2016
519,2016-01-08,8,1,1,2016
520,2016-01-10,10,1,1,2016
521,2016-01-11,11,1,1,2016
522,2016-01-12,12,1,1,2016
523,2016-01-13,13,1,1,2016
524,2016-01-14,14,1,1,2016
525,2016-01-15,15,1,1,2016
526,2016-01-16,16,1,1,2016
527,2016-01-17,17,1,1,2016
528,2016-01-18,18,1,1,2016
529,2016-01-19,19,1,1,2016
530,2016-01-20,20,1,1,2016
531,2016-01-21,21,1,1,2016
532,2016-01-22,22,1,1,2016
533,2016-01-23,23,1,1,2016
534,2016-01-24,24,1,1,2016
535,2016-01-25,25,1,1,2016
536,2016-01-26,26,1,1,2016
537,2016-01-27,27,1,1,2016
538,2016-01-29,29,1,1,2016
539,2016-01-30,30,1,1,2016
540,2016-01-31,31,1,1,2016
541,2016-02-01,1,2,1,2016
542,2016-02-02,2,2,1,2016
543,2016-02-03,3,2,1,2016
544,2016-02-04,4,2,1,2016
545,2016-02-05,5,2,1,2016
546,2016-02-06,6,2,1,2016
547,2016-02-09,9,2,1,2016
548,2016-02-10,10,2,1,2016
549,2016-02-11,11,2,1,2016
550,2016-02-12,12,2,1,2016
551,2016-02-13,13,2,1,2016
552,2016-02-14,14,2,1,2016
553,2016-02-15,15,2,1,2016
554,2016-02-16,16,2,1,2016
555,2016-02-18,18,2,1,2016
556,2016-02-19,19,2,1,2016
557,2016-02-21,21,2,1,2016
558,2016-02-22,22,2,1,2016
559,2016-02-23,23,2,1,2016
560,2016-02-24,24,2,1,2016
561,2016-02-25,25,2,1,2016
562,2016-02-26,26,2,1,2016
563,2016-02-27,27,2,1,2016
564,2016-02-28,28,2,1,2016
565,2016-02-29,29,2,1,2016
566,2016-03-01,1,3,1,2016
567,2016-03-02,2,3,1,2016
568,2016-03-03,3,3,1,2016
569,2016-03-04,4,3,1,2016
570,2016-03-05,5,3,1,2016
571,2016-03-06,6,3,1,2016
572,2016-03-07,7,3,1,2016
573,2016-03-09,9,3,1,2016
574,2016-03-10,10,3,1,2016
575,2016-03-11,11,3,1,2016
576,2016-03-12,12,3,1,2016
577,2016-03-13,13,3,1,2016
578,2016-03-14,14,3,1,2016
579,2016-03-15,15,3,1,2016
580,2016-03-16,16,3,1,2016
581,2016-03-17,17,3,1,2016
582,2016-03-18,18,3,1,2016
583,2016-03-19,19,3,1,2016
584,2016-03-22,22,3,1,2016
585,2016-03-23,23,3,1,2016
586,2016-03-24,24,3,1,2016
587,2016-03-25,25,3,1,2016
588,2016-03-27,27,3,1,2016
589,2016-03-28,28,3,1,2016
590,2016-03-29,29,3,1,2016
591,2016-03-30,30,3,1,2016
592,2016-03-31,31,3,1,2016
593,2016-04-01,1,4,2,2016
594,2016-04-02,2,4,2,2016
595,2016-04-03,3,4,2,2016
596,2016-04-05,5,4,2,2016
597,2016-04-06,6,4,2,2016
598,2016-04-08,8,4,2,2016
599,2016-04-09,9,4,2,2016
600,2016-04-10,10,4,2,2016
601,2016-04-11,11,4,2,2016
602,2016-04-12,12,4,2,2016
603,2016-04-13,13,4,2,2016
604,2016-04-14,14,4,2,2016
605,2016-04-16,16,4,2,2016
606,2016-04-17,17,4,2,2016
607,2016-04-18,18,4,2,2016
608,2016-04-19,19,4,2,2016
609,2016-04-20,20,4,2,2016
610,2016-04-21,21,4,2,2016
611,2016-04-22,22,4,2,2016
612,2016-04-23,23,4,2,2016
613,2016-04-24,24,4,2,2016
614,2016-04-25,25,4,2,2016
615,2016-04-26,26,4,2,2016
616,2016-04-28,28,4,2,2016
617,2016-04-29,29,4,2,2016
618,2016-04-30,30,4,2,2016
619,2016-05-01,1,5,2,2016
620,2016-05-02,2,5,2,2016
621,2016-05-03,3,5,2,2016
622,2016-05-04,4,5,2,2016
623,2016-05-05,5,5,2,2016
624,2016-05-06,6,5,2,2016
625,2016-05-07,7,5,2,2016
626,2016-05-08,8,5,2,2016
627,2016-05-09,9,5,2,2016
628,2016-05-10,10,5,2,2016
629,2016-05-11,11,5,2,2016
630,2016-05-12,12,5,2,2016
631,2016-05-13,13,5,2,2016
632,2016-05-14,14,5,2,2016
633,2016-05-15,15,5,2,2016
634,2016-05-16,16,5,2,2016
635,2016-05-17,17,5,2,2016
636,2016-05-18,18,5,2,2016
637,2016-05-19,19,5,2,2016
638,2016-05-20,20,5,2,2016
639,2016-05-21,21,5,2,2016
640,2016-05-22,22,5,2,2016
641,2016-05-23,23,5,2,2016
642,2016-05-24,24,5,2,2016
643,2016-05-26,26,5,2,2016
644,2016-05-27,27,5,2,2016
645,2016-05-28,28,5,2,2016
646,2016-05-29,29,5,2,2016
647,2016-05-31,31,5,2,2016
648,2016-06-01,1,6,2,2016
649,2016-06-03,3,6,2,2016
650,2016-06-04,4,6,2,2016
651,2016-06-05,5,6,2,2016
652,2016-06-06,6,6,2,2016
653,2016-06-09,9,6,2,2016
654,2016-06-10,10,6,2,2016
655,2016-06-12,12,6,2,2016
656,2016-06-13,13,6,2,2016
657,2016-06-14,14,6,2,2016
658,2016-06-16,16,6,2,2016
659,2016-06-17,17,6,2,2016
660,2016-06-19,19,6,2,2016
661,2016-06-21,21,6,2,2016
662,2016-06-22,22,6,2,2016
663,2016-06-23,23,6,2,2016
664,2016-06-24,24,6,2,2016
665,2016-06-26,26,6,2,2016
666,2016-06-28,28,6,2,2016
667,2016-06-29,29,6,2,2016
668,2016-07-01,1,7,3,2016
669,2016-07-03,3,7,3,2016
670,2016-07-05,5,7,3,2016
671,2016-07-06,6,7,3,2016
672,2016-07-08,8,7,3,2016
673,2016-07-09,9,7,3,2016
674,2016-07-10,10,7,3,2016
675,2016-07-11,11,7,3,2016
676,2016-07-13,13,7,3,2016
677,2016-07-15,15,7,3,2016
678,2016-07-17,17,7,3,2016
679,2016-07-18,18,7,3,2016
680,2016-07-19,19,7,3,2016
681,2016-07-20,20,7,3,2016
682,2016-07-22,22,7,3,2016
683,2016-07-25,25,7,3,2016
684,2016-07-27,27,7,3,2016
685,2016-07-28,28,7,3,2016
686,2016-07-30,30,7,3,2016
687,2016-07-31,31,7,3,2016
688,2016-08-01,1,8,3,2016
689,2016-08-04,4,8,3,2016
690,2016-08-06,6,8,3,2016
691,2016-08-07,7,8,3,2016
692,2016-08-09,9,8,3,2016
693,2016-08-10,10,8,3,2016
694,2016-08-12,12,8,3,2016
695,2016-08-13,13,8,3,2016
696,2016-08-14,14,8,3,2016
697,2016-08-15,15,8,3,2016
698,2016-08-16,16,8,3,2016
699,2016-08-17,17,8,3,2016
700,2016-08-18,18,8,3,2016
701,2016-08-21,21,8,3,2016
702,2016-08-23,23,8,3,2016
703,2016-08-25,25,8,3,2016
704,2016-08-27,27,8,3,2016
705,2016-09-01,1,9,3,2016
706,2016-09-02,2,9,3,2016
707,2016-09-03,3,9,3,2016
708,2016-09-04,4,9,3,2016
709,2016-09-06,6,9,3,2016
710,2016-09-08,8,9,3,2016
711,2016-09-09,9,9,3,2016
712,2016-09-11,11,9,3,2016
713,2016-09-12,12,9,3,2016
714,2016-09-14,14,9,3,2016
715,2016-09-16,16,9,3,2016
716,2016-09-20,20,9,3,2016
717,2016-09-21,21,9,3,2016
718,2016-09-22,22,9,3,2016
719,2016-09-24,24,9,3,2016
720,2016-09-26,26,9,3,2016
721,2016-09-27,27,9,3,2016
722,2016-09-28,28,9,3,2016
723,2016-09-29,29,9,3,2016
724,2016-10-01,1,10,4,2016
725,2016-10-03,3,10,4,2016
726,2016-10-04,4,10,4,2016
727,2016-10-08,8,10,4,2016
728,2016-10-09,9,10,4,2016
729,2016-10-14,14,10,4,2016
730,2016-10-17,17,10,4,2016
731,2016-10-18,18,10,4,2016
732,2016-10-19,19,10,4,2016
733,2016-10-20,20,10,4,2016
734,2016-10-22,22,10,4,2016
735,2016-10-25,25,10,4,2016
736,2016-10-26,26,10,4,2016
737,2016-10-28,28,10,4,2016
738,2016-10-29,29,10,4,2016
739,2016-10-30,30,10,4,2016
740,2016-10-31,31,10,4,2016
741,2016-11-01,1,11,4,2016
742,2016-11-02,2,11,4,2016
743,2016-11-03,3,11,4,2016
744,2016-11-04,4,11,4,2016
745,2016-11-05,5,11,4,2016
746,2016-11-06,6,11,4,2016
747,2016-11-07,7,11,4,2016
748,2016-11-08,8,11,4,2016
749,2016-11-09,9,11,4,2016
750,2016-11-10,10,11,4,2016
751,2016-11-11,11,11,4,2016
752,2016-11-14,14,11,4,2016
753,2016-11-17,17,11,4,2016
754,2016-11-18,18,11,4,2016
755,2016-11-19,19,11,4,2016
756,2016-11-20,20,11,4,2016
757,2016-11-21,21,11,4,2016
758,2016-11-22,22,11,4,2016
759,2016-11-23,23,11,4,2016
760,2016-11-25,25,11,4,2016
761,2016-11-26,26,11,4,2016
762,2016-11-27,27,11,4,2016
763,2016-11-28,28,11,4,2016
764,2016-11-29,29,11,4,2016
765,2016-12-01,1,12,4,2016
766,2016-12-02,2,12,4,2016
767,2016-12-03,3,12,4,2016
768,2016-12-05,5,12,4,2016
769,2016-12-07,7,12,4,2016
770,2016-12-08,8,12,4,2016
771,2016-12-09,9,12,4,2016
772,2016-12-11,11,12,4,2016
773,2016-12-13,13,12,4,2016
774,2016-12-16,16,12,4,2016
775,2016-12-17,17,12,4,2016
776,2016-12-18,18,12,4,2016
777,2016-12-19,19,12,4,2016
778,2016-12-20,20,12,4,2016
779,2016-12-22,22,12,4,2016
780,2016-12-24,24,12,4,2016
781,2016-12-25,25,12,4,2016
782,2016-12-26,26,12,4,2016
783,2016-12-27,27,12,4,2016
784,2016-12-28,28,12,4,2016
785,2016-12-29,29,12,4,2016
786,2016-12-30,30,12,4,2016
787,2016-12-31,31,12,4,2016
788,2017-01-01,1,1,1,2017
789,2017-01-02,2,1,1,2017
790,2017-01-03,3,1,1,2017
791,2017-01-04,4,1,1,2017
792,2017-01-05,5,1,1,2017
793,2017-01-06,6,1,1,2017
794,2017-01-07,7,1,1,2017
795,2017-01-09,9,1,1,2017
796,2017-01-10,10,1,1,2017
797,2017-01-11,11,1,1,2017
798,2017-01-12,12,1,1,2017
799,2017-01-13,13,1,1,2017
800,2017-01-14,14,1,1,2017
801,2017-01-15,15,1,1,2017
802,2017-01-16,16,1,1,2017
803,2017-01-17,17,1,1,2017
804,2017-01-18,18,1,1,2017
805,2017-01-19,19,1,1,2017
806,2017-01-20,20,1,1,2017
807,2017-01-21,21,1,1,2017
808,2017-01-22,22,1,1,2017
809,2017-01-23,23,1,1,2017
810,2017-01-24,24,1,1,2017
811,2017-01-25,25,1,1,2017
812,2017-01-26,26,1,1,2017
813,2017-01-28,28,1,1,2017
814,2017-01-29,29,1,1,2017
815,2017-01-30,30,1,1,2017
816,2017-01-31,31,1,1,2017
817,2017-02-01,1,2,1,2017
818,2017-02-02,2,2,1,2017
819,2017-02-03,3,2,1,2017
820,2017-02-04,4,2,1,2017
821,2017-02-05,5,2,1,2017
822,2017-02-08,8,2,1,2017
823,2017-02-09,9,2,1,2017
824,2017-02-10,10,2,1,2017
825,2017-02-11,11,2,1,2017
826,2017-02-12,12,2,1,2017
827,2017-02-13,13,2,1,2017
828,2017-02-14,14,2,1,2017
829,2017-02-15,15,2,1,2017
830,2017-02-17,17,2,1,2017
831,2017-02-18,18,2,1,2017
832,2017-02-20,20,2,1,2017
833,2017-02-21,21,2,1,2017
834,2017-02-22,22,2,1,2017
835,2017-02-23,23,2,1,2017
836,2017-02-24,24,2,1,2017
837,2017-02-25,25,2,1,2017
838,2017-02-26,26,2,1,2017
839,2017-02-27,27,2,1,2017
840,2017-02-28,28,2,1,2017
841,2017-03-01,1,3,1,2017
842,2017-03-02,2,3,1,2017
843,2017-03-03,3,3,1,2017
844,2017-03-04,4,3,1,2017
845,2017-03-05,5,3,1,2017
846,2017-03-06,6,3,1,2017
847,2017-03-07,7,3,1,2017
848,2017-03-09,9,3,1,2017
849,2017-03-10,10,3,1,2017
850,2017-03-11,11,3,1,2017
851,2017-03-12,12,3,1,2017
852,2017-03-13,13,3,1,2017
853,2017-03-14,14,3,1,2017
854,2017-03-15,15,3,1,2017
855,2017-03-16,16,3,1,2017
856,2017-03-17,17,3,1,2017
857,2017-03-18,18,3,1,2017
858,2017-03-19,19,3,1,2017
859,2017-03-22,22,3,1,2017
860,2017-03-23,23,3,1,2017
861,2017-03-24,24,3,1,2017
862,2017-03-25,25,3,1,2017
863,2017-03-27,27,3,1,2017
864,2017-03-28,28,3,1,2017
865,2017-03-29,29,3,1,2017
866,2017-03-30,30,3,1,2017
867,2017-03-31,31,3,1,2017
868,2017-04-02,2,4,2,2017
869,2017-04-03,3,4,2,2017
870,2017-04-05,5,4,2,2017
871,2017-04-06,6,4,2,2017
872,2017-04-08,8,4,2,2017
873,2017-04-09,9,4,2,2017
874,2017-04-10,10,4,2,2017
875,2017-04-11,11,4,2,2017
876,2017-04-12,12,4,2,2017
877,2017-04-13,13,4,2,2017
878,2017-04-14,14,4,2,2017
879,2017-04-16,16,4,2,2017
880,2017-04-17,17,4,2,2017
881,2017-04-18,18,4,2,2017
882,2017-04-19,19,4,2,2017
883,2017-04-20,20,4,2,2017
884,2017-04-21,21,4,2,2017
885,2017-04-22,22,4,2,2017
886,2017-04-23,23,4,2,2017
887,2017-04-24,24,4,2,2017
888,2017-04-25,25,4,2,2017
889,2017-04-26,26,4,2,2017
890,2017-04-28,28,4,2,2017
891,2017-04-29,29,4,2,2017
892,2017-04-30,30,4,2,2017
893,2017-05-01,1,5,2,2017
894,2017-05-02,2,5,2,2017
895,2017-05-03,3,5,2,2017
896,2017-05-04,4,5,2,2017
897,2017-05-05,5,5,2,2017
898,2017-05-06,6,5,2,2017
899,2017-05-07,7,5,2,2017
900,2017-05-08,8,5,2,2017
901,2017-05-09,9,5,2,2017
902,2017-05-10,10,5,2,2017
903,2017-05-11,11,5,2,2017
904,2017-05-12,12,5,2,2017
905,2017-05-13,13,5,2,2017
906,2017-05-14,14,5,2,2017
907,2017-05-15,15,5,2,2017
908,2017-05-16,16,5,2,2017
909,2017-05-17,17,5,2,2017
910,2017-05-18,18,5,2,2017
911,2017-05-19,19,5,2,2017
912,2017-05-20,20,5,2,2017
913,2017-05-21,21,5,2,2017
914,2017-05-22,22,5,2,2017
915,2017-05-23,23,5,2,2017
916,2017-05-24,24,5,2,2017
917,2017-05-25,25,5,2,2017
918,2017-05-26,26,5,2,2017
919,2017-05-27,27,5,2,2017
920,2017-05-28,28,5,2,2017
921,2017-05-29,29,5,2,2017
922,2017-05-31,31,5,2,2017
923,2017-06-01,1,6,2,2017
924,2017-06-03,3,6,2,2017
925,2017-06-04,4,6,2,2017
926,2017-06-05,5,6,2,2017
927,2017-06-06,6,6,2,2017
928,2017-06-08,8,6,2,2017
929,2017-06-09,9,6,2,2017
930,2017-06-10,10,6,2,2017
931,2017-06-12,12,6,2,2017
932,2017-06-13,13,6,2,2017
933,2017-06-14,14,6,2,2017
934,2017-06-15,15,6,2,2017
935,2017-06-16,16,6,2,2017
936,2017-06-17,17,6,2,2017
937,2017-06-19,19,6,2,2017
938,2017-06-21,21,6,2,2017
939,2017-06-22,22,6,2,2017
940,2017-06-23,23,6,2,2017
941,2017-06-24,24,6,2,2017
942,2017-06-26,26,6,2,2017
943,2017-06-28,28,6,2,2017
944,2017-06-29,29,6,2,2017
945,2017-06-30,30,6,2,2017
946,2017-07-01,1,7,3,2017
947,2017-07-03,3,7,3,2017
948,2017-07-05,5,7,3,2017
949,2017-07-06,6,7,3,2017
950,2017-07-08,8,7,3,2017
951,2017-07-09,9,7,3,2017
952,2017-07-10,10,7,3,2017
953,2017-07-11,11,7,3,2017
954,2017-07-12,12,7,3,2017
955,2017-07-13,13,7,3,2017
956,2017-07-14,14,7,3,2017
957,2017-07-15,15,7,3,2017
958,2017-07-17,17,7,3,2017
959,2017-07-18,18,7,3,2017
960,2017-07-19,19,7,3,2017
961,2017-07-20,20,7,3,2017
962,2017-07-21,21,7,3,2017
963,2017-07-22,22,7,3,2017
964,2017-07-23,23,7,3,2017
965,2017-07-24,24,7,3,2017
966,2017-07-25,25,7,3,2017
967,2017-07-27,27,7,3,2017
968,2017-07-28,28,7,3,2017
969,2017-07-30,30,7,3,2017
970,2017-07-31,31,7,3,2017
971,2017-08-01,1,8,3,2017
972,2017-08-02,2,8,3,2017
973,2017-08-04,4,8,3,2017
974,2017-08-06,6,8,3,2017
975,2017-08-09,9,8,3,2017
976,2017-08-10,10,8,3,2017
977,2017-08-12,12,8,3,2017
978,2017-08-13,13,8,3,2017
979,2017-08-14,14,8,3,2017
980,2017-08-15,15,8,3,2017
981,2017-08-16,16,8,3,2017
982,2017-08-17,17,8,3,2017
983,2017-08-18,18,8,3,2017
984,2017-08-21,21,8,3,2017
985,2017-08-23,23,8,3,2017
986,2017-08-24,24,8,3,2017
987,2017-08-25,25,8,3,2017
988,2017-08-27,27,8,3,2017
989,2017-08-30,30,8,3,2017
990,2017-09-01,1,9,3,2017
991,2017-09-02,2,9,3,2017
992,2017-09-03,3,9,3,2017
993,2017-09-04,4,9,3,2017
994,2017-09-06,6,9,3,2017
995,2017-09-08,8,9,3,2017
996,2017-09-09,9,9,3,2017
997,2017-09-11,11,9,3,2017
998,2017-09-12,12,9,3,2017
999,2017-09-14,14,9,3,2017
1000,2017-09-15,15,9,3,2017
1001,2017-09-16,16,9,3,2017
1002,2017-09-20,20,9,3,2017
1003,2017-09-21,21,9,3,2017
1004,2017-09-22,22,9,3,2017
1005,2017-09-23,23,9,3,2017
1006,2017-09-24,24,9,3,2017
1007,2017-09-25,25,9,3,2017
1008,2017-09-26,26,9,3,2017
1009,2017-09-27,27,9,3,2017
1010,2017-09-28,28,9,3,2017
1011,2017-09-29,29,9,3,2017
1012,2017-09-30,30,9,3,2017
1013,2017-10-01,1,10,4,2017
1014,2017-10-03,3,10,4,2017
1015,2017-10-04,4,10,4,2017
1016,2017-10-08,8,10,4,2017
1017,2017-10-09,9,10,4,2017
1018,2017-10-10,10,10,4,2017
1019,2017-10-14,14,10,4,2017
1020,2017-10-15,15,10,4,2017
1021,2017-10-16,16,10,4,2017
1022,2017-10-17,17,10,4,2017
1023,2017-10-18,18,10,4,2017
1024,2017-10-19,19,10,4,2017
1025,2017-10-20,20,10,4,2017
1026,2017-10-22,22,10,4,2017
1027,2017-10-25,25,10,4,2017
1028,2017-10-26,26,10,4,2017
1029,2017-10-27,27,10,4,2017
1030,2017-10-28,28,10,4,2017
1031,2017-10-29,29,10,4,2017
1032,2017-10-30,30,10,4,2017
1033,2017-10-31,31,10,4,2017
1034,2017-11-01,1,11,4,2017
1035,2017-11-02,2,11,4,2017
1036,2017-11-03,3,11,4,2017
1037,2017-11-04,4,11,4,2017
1038,2017-11-05,5,11,4,2017
1039,2017-11-06,6,11,4,2017
1040,2017-11-07,7,11,4,2017
1041,2017-11-08,8,11,4,2017
1042,2017-11-09,9,11,4,2017
1043,2017-11-10,10,11,4,2017
1044,2017-11-11,11,11,4,2017
1045,2017-11-12,12,11,4,2017
1046,2017-11-13,13,11,4,2017
1047,2017-11-14,14,11,4,2017
1048,2017-11-15,15,11,4,2017
1049,2017-11-17,17,11,4,2017
1050,2017-11-18,18,11,4,2017
1051,2017-11-19,19,11,4,2017
1052,2017-11-20,20,11,4,2017
1053,2017-11-21,21,11,4,2017
1054,2017-11-22,22,11,4,2017
1055,2017-11-23,23,11,4,2017
1056,2017-11-24,24,11,4,2017
1057,2017-11-25,25,11,4,2017
1058,2017-11-26,26,11,4,2017
1059,2017-11-27,27,11,4,2017
1060,2017-11-28,28,11,4,2017
1061,2017-11-29,29,11,4,2017
1062,2017-12-01,1,12,4,2017
1063,2017-12-02,2,12,4,2017
1064,2017-12-03,3,12,4,2017
1065,2017-12-05,5,12,4,2017
1066,2017-12-06,6,12,4,2017
1067,2017-12-07,7,12,4,2017
1068,2017-12-08,8,12,4,2017
1069,2017-12-09,9,12,4,2017
1070,2017-12-11,11,12,4,2017
1071,2017-12-13,13,12,4,2017
1072,2017-12-16,16,12,4,2017
1073,2017-12-17,17,12,4,2017
1074,2017-12-18,18,12,4,2017
1075,2017-12-19,19,12,4,2017
1076,2017-12-20,20,12,4,2017
1077,2017-12-22,22,12,4,2017
1078,2017-12-24,24,12,4,2017
1079,2017-12-25,25,12,4,2017
1080,2017-12-26,26,12,4,2017
1081,2017-12-27,27,12,4,2017
1082,2017-12-28,28,12,4,2017
1083,2017-12-29,29,12,4,2017
1084,2017-12-30,30,12,4,2017
1085,2017-12-31,31,12,4,2017
1086,2018-01-01,1,1,1,2018
1087,2018-01-02,2,1,1,2018
1088,2018-01-03,3,1,1,2018
1089,2018-01-04,4,1,1,2018
1090,2018-01-05,5,1,1,2018
1091,2018-01-06,6,1,1,2018
1092,2018-01-07,7,1,1,2018
1093,2018-01-08,8,1,1,2018
1094,2018-01-09,9,1,1,2018
1095,2018-01-10,10,1,1,2018
1096,2018-01-11,11,1,1,2018
1097,2018-01-12,12,1,1,2018
1098,2018-01-13,13,1,1,2018
1099,2018-01-14,14,1,1,2018
1100,2018-01-15,15,1,1,2018
1101,2018-01-16,16,1,1,2018
1102,2018-01-17,17,1,1,2018
1103,2018-01-18,18,1,1,2018
1104,2018-01-19,19,1,1,2018
1105,2018-01-20,20,1,1,2018
1106,2018-01-21,21,1,1,2018
1107,2018-01-22,22,1,1,2018
1108,2018-01-23,23,1,1,2018
1109,2018-01-24,24,1,1,2018
1110,2018-01-25,25,1,1,2018
1111,2018-01-26,26,1,1,2018
1112,2018-01-28,28,1,1,2018
1113,2018-01-29,29,1,1,2018
1114,2018-01-30,30,1,1,2018
1115,2018-01-31,31,1,1,2018
1116,2018-02-01,1,2,1,2018
1117,2018-02-02,2,2,1,2018
1118,2018-02-03,3,2,1,2018
1119,2018-02-04,4,2,1,2018
1120,2018-02-05,5,2,1,2018
1121,2018-02-06,6,2,1,2018
1122,2018-02-08,8,2,1,2018
1123,2018-02-09,9,2,1,2018
1124,2018-02-10,10,2,1,2018
1125,2018-02-11,11,2,1,2018
1126,2018-02-12,12,2,1,2018
1127,2018-02-13,13,2,1,2018
1128,2018-02-14,14,2,1,2018
1129,2018-02-15,15,2,1,2018
1130,2018-02-17,17,2,1,2018
1131,2018-02-18,18,2,1,2018
1132,2018-02-20,20,2,1,2018
1133,2018-02-21,21,2,1,2018
1134,2018-02-22,22,2,1,2018
1135,2018-02-23,23,2,1,2018
1136,2018-02-24,24,2,1,2018
1137,2018-02-25,25,2,1,2018
1138,2018-02-26,26,2,1,2018
1139,2018-02-27,27,2,1,2018
1140,2018-02-28,28,2,1,2018
1141,2018-03-01,1,3,1,2018
1142,2018-03-02,2,3,1,2018
1143,2018-03-03,3,3,1,2018
1144,2018-03-04,4,3,1,2018
1145,2018-03-05,5,3,1,2018
1146,2018-03-06,6,3,1,2018
1147,2018-03-07,7,3,1,2018
1148,2018-03-08,8,3,1,2018
1149,2018-03-09,9,3,1,2018
1150,2018-03-10,10,3,1,2018
1151,2018-03-11,11,3,1,2018
1152,2018-03-12,12,3,1,2018
1153,2018-03-13,13,3,1,2018
1154,2018-03-14,14,3,1,2018
1155,2018-03-15,15,3,1,2018
1156,2018-03-16,16,3,1,2018
1157,2018-03-17,17,3,1,2018
1158,2018-03-18,18,3,1,2018
1159,2018-03-19,19,3,1,2018
1160,2018-03-21,21,3,1,2018
1161,2018-03-22,22,3,1,2018
1162,2018-03-23,23,3,1,2018
1163,2018-03-24,24,3,1,2018
1164,2018-03-25,25,3,1,2018
1165,2018-03-26,26,3,1,2018
1166,2018-03-27,27,3,1,2018
1167,2018-03-28,28,3,1,2018
1168,2018-03-29,29,3,1,2018
1169,2018-03-30,30,3,1,2018
1170,2018-03-31,31,3,1,2018
1171,2018-04-02,2,4,2,2018
1172,2018-04-03,3,4,2,2018
1173,2018-04-04,4,4,2,2018
1174,2018-04-05,5,4,2,2018
1175,2018-04-06,6,4,2,2018
1176,2018-04-08,8,4,2,2018
1177,2018-04-09,9,4,2,2018
1178,2018-04-10,10,4,2,2018
1179,2018-04-11,11,4,2,2018
1180,2018-04-12,12,4,2,2018
1181,2018-04-13,13,4,2,2018
1182,2018-04-14,14,4,2,2018
1183,2018-04-15,15,4,2,2018
1184,2018-04-16,16,4,2,2018
1185,2018-04-17,17,4,2,2018
1186,2018-04-18,18,4,2,2018
1187,2018-04-19,19,4,2,2018
1188,2018-04-20,20,4,2,2018
1189,2018-04-21,21,4,2,2018
1190,2018-04-22,22,4,2,2018
1191,2018-04-23,23,4,2,2018
1192,2018-04-24,24,4,2,2018
1193,2018-04-25,25,4,2,2018
1194,2018-04-28,28,4,2,2018
1195,2018-04-29,29,4,2,2018
1196,2018-04-30,30,4,2,2018
1197,2018-05-01,1,5,2,2018
1198,2018-05-02,2,5,2,2018
1199,2018-05-03,3,5,2,2018
1200,2018-05-04,4,5,2,2018
1201,2018-05-05,5,5,2,2018
1202,2018-05-06,6,5,2,2018
1203,2018-05-07,7,5,2,2018
1204,2018-05-08,8,5,2,2018
1205,2018-05-09,9,5,2,2018
1206,2018-05-10,10,5,2,2018
1207,2018-05-11,11,5,2,2018
1208,2018-05-12,12,5,2,2018
1209,2018-05-13,13,5,2,2018
1210,2018-05-14,14,5,2,2018
1211,2018-05-15,15,5,2,2018
1212,2018-05-16,16,5,2,2018
1213,2018-05-17,17,5,2,2018
1214,2018-05-18,18,5,2,2018
1215,2018-05-19,19,5,2,2018
1216,2018-05-20,20,5,2,2018
1217,2018-05-21,21,5,2,2018
1218,2018-05-22,22,5,2,2018
1219,2018-05-23,23,5,2,2018
1220,2018-05-24,24,5,2,2018
1221,2018-05-25,25,5,2,2018
1222,2018-05-26,26,5,2,2018
1223,2018-05-27,27,5,2,2018
1224,2018-05-28,28,5,2,2018
1225,2018-05-29,29,5,2,2018
1226,2018-05-30,30,5,2,2018
1227,2018-05-31,31,5,2,2018
1228,2018-06-01,1,6,2,2018
1229,2018-06-02,2,6,2,2018
1230,2018-06-03,3,6,2,2018
1231,2018-06-04,4,6,2,2018
1232,2018-06-05,5,6,2,2018
1233,2018-06-06,6,6,2,2018
1234,2018-06-07,7,6,2,2018
1235,2018-06-08,8,6,2,2018
1236,2018-06-09,9,6,2,2018
1237,2018-06-10,10,6,2,2018
1238,2018-06-13,13,6,2,2018
1239,2018-06-14,14,6,2,2018
1240,2018-06-15,15,6,2,2018
1241,2018-06-16,16,6,2,2018
1242,2018-06-17,17,6,2,2018
1243,2018-06-19,19,6,2,2018
1244,2018-06-21,21,6,2,2018
1245,2018-06-22,22,6,2,2018
1246,2018-06-23,23,6,2,2018
1247,2018-06-24,24,6,2,2018
1248,2018-06-25,25,6,2,2018
1249,2018-06-26,26,6,2,2018
1250,2018-06-28,28,6,2,2018
1251,2018-06-29,29,6,2,2018
1252,2018-06-30,30,6,2,2018
1253,2018-07-01,1,7,3,2018
1254,2018-07-03,3,7,3,2018
1255,2018-07-05,5,7,3,2018
1256,2018-07-06,6,7,3,2018
1257,2018-07-08,8,7,3,2018
1258,2018-07-09,9,7,3,2018
1259,2018-07-10,10,7,3,2018
1260,2018-07-11,11,7,3,2018
1261,2018-07-12,12,7,3,2018
1262,2018-07-13,13,7,3,2018
1263,2018-07-14,14,7,3,2018
1264,2018-07-15,15,7,3,2018
1265,2018-07-17,17,7,3,2018
1266,2018-07-18,18,7,3,2018
1267,2018-07-19,19,7,3,2018
1268,2018-07-20,20,7,3,2018
1269,2018-07-21,21,7,3,2018
1270,2018-07-22,22,7,3,2018
1271,2018-07-23,23,7,3,2018
1272,2018-07-24,24,7,3,2018
1273,2018-07-25,25,7,3,2018
1274,2018-07-27,27,7,3,2018
1275,2018-07-28,28,7,3,2018
1276,2018-07-30,30,7,3,2018
1277,2018-07-31,31,7,3,2018
1278,2018-08-01,1,8,3,2018
1279,2018-08-02,2,8,3,2018
1280,2018-08-03,3,8,3,2018
1281,2018-08-04,4,8,3,2018
1282,2018-08-06,6,8,3,2018
1283,2018-08-09,9,8,3,2018
1284,2018-08-10,10,8,3,2018
1285,2018-08-12,12,8,3,2018
1286,2018-08-13,13,8,3,2018
1287,2018-08-14,14,8,3,2018
1288,2018-08-15,15,8,3,2018
1289,2018-08-16,16,8,3,2018
1290,2018-08-17,17,8,3,2018
1291,2018-08-18,18,8,3,2018
1292,2018-08-19,19,8,3,2018
1293,2018-08-21,21,8,3,2018
1294,2018-08-22,22,8,3,2018
1295,2018-08-23,23,8,3,2018
1296,2018-08-24,24,8,3,2018
1297,2018-08-25,25,8,3,2018
1298,2018-08-26,26,8,3,2018
1299,2018-08-27,27,8,3,2018
1300,2018-08-29,29,8,3,2018
1301,2018-08-30,30,8,3,2018
1302,2018-08-31,31,8,3,2018
1303,2018-09-01,1,9,3,2018
1304,2018-09-02,2,9,3,2018
1305,2018-09-03,3,9,3,2018
1306,2018-09-04,4,9,3,2018
1307,2018-09-05,5,9,3,2018
1308,2018-09-06,6,9,3,2018
1309,2018-09-08,8,9,3,2018
1310,2018-09-09,9,9,3,2018
1311,2018-09-11,11,9,3,2018
1312,2018-09-12,12,9,3,2018
1313,2018-09-14,14,9,3,2018
1314,2018-09-15,15,9,3,2018
1315,2018-09-16,16,9,3,2018
1316,2018-09-19,19,9,3,2018
1317,2018-09-20,20,9,3,2018
1318,2018-09-21,21,9,3,2018
1319,2018-09-22,22,9,3,2018
1320,2018-09-23,23,9,3,2018
1321,2018-09-24,24,9,3,2018
1322,2018-09-25,25,9,3,2018
1323,2018-09-26,26,9,3,2018
1324,2018-09-27,27,9,3,2018
1325,2018-09-28,28,9,3,2018
1326,2018-09-29,29,9,3,2018
1327,2018-09-30,30,9,3,2018
1328,2018-10-01,1,10,4,2018
1329,2018-10-03,3,10,4,2018
1330,2018-10-04,4,10,4,2018
1331,2018-10-08,8,10,4,2018
1332,2018-10-09,9,10,4,2018
1333,2018-10-10,10,10,4,2018
1334,2018-10-14,14,10,4,2018
1335,2018-10-15,15,10,4,2018
1336,2018-10-16,16,10,4,2018
1337,2018-10-17,17,10,4,2018
1338,2018-10-18,18,10,4,2018
1339,2018-10-19,19,10,4,2018
1340,2018-10-20,20,10,4,2018
1341,2018-10-21,21,10,4,2018
1342,2018-10-22,22,10,4,2018
1343,2018-10-24,24,10,4,2018
1344,2018-10-25,25,10,4,2018
1345,2018-10-26,26,10,4,2018
1346,2018-10-27,27,10,4,2018
1347,2018-10-28,28,10,4,2018
1348,2018-10-29,29,10,4,2018
1349,2018-10-30,30,10,4,2018
1350,2018-10-31,31,10,4,2018
1351,2018-11-01,1,11,4,2018
1352,2018-11-02,2,11,4,2018
1353,2018-11-03,3,11,4,2018
1354,2018-11-04,4,11,4,2018
1355,2018-11-05,5,11,4,2018
1356,2018-11-06,6,11,4,2018
1357,2018-11-07,7,11,4,2018
1358,2018-11-08,8,11,4,2018
1359,2018-11-09,9,11,4,2018
1360,2018-11-10,10,11,4,2018
1361,2018-11-11,11,11,4,2018
1362,2018-11-12,12,11,4,2018
1363,2018-11-13,13,11,4,2018
1364,2018-11-14,14,11,4,2018
1365,2018-11-15,15,11,4,2018
1366,2018-11-17,17,11,4,2018
1367,2018-11-18,18,11,4,2018
1368,2018-11-19,19,11,4,2018
1369,2018-11-20,20,11,4,2018
1370,2018-11-21,21,11,4,2018
1371,2018-11-22,22,11,4,2018
1372,2018-11-23,23,11,4,2018
1373,2018-11-24,24,11,4,2018
1374,2018-11-25,25,11,4,2018
1375,2018-11-26,26,11,4,2018
1376,2018-11-27,27,11,4,2018
1377,2018-11-28,28,11,4,2018
1378,2018-11-29,29,11,4,2018
1379,2018-11-30,30,11,4,2018
1380,2018-12-01,1,12,4,2018
1381,2018-12-02,2,12,4,2018
1382,2018-12-03,3,12,4,2018
1383,2018-12-05,5,12,4,2018
1384,2018-12-06,6,12,4,2018
1385,2018-12-07,7,12,4,2018
1386,2018-12-08,8,12,4,2018
1387,2018-12-09,9,12,4,2018
1388,2018-12-11,11,12,4,2018
1389,2018-12-12,12,12,4,2018
1390,2018-12-13,13,12,4,2018
1391,2018-12-15,15,12,4,2018
1392,2018-12-16,16,12,4,2018
1393,2018-12-17,17,12,4,2018
1394,2018-12-18,18,12,4,2018
1395,2018-12-19,19,12,4,2018
1396,2018-12-20,20,12,4,2018
1397,2018-12-21,21,12,4,2018
1398,2018-12-22,22,12,4,2018
1399,2018-12-24,24,12,4,2018
1400,2018-12-25,25,12,4,2018
1401,2018-12-26,26,12,4,2018
1402,2018-12-28,28,12,4,2018
1403,2018-12-29,29,12,4,2018
1404,2018-12-30,30,12,4,2018
1405,2018-12-31,31,12,4,2018
1406,2019-01-01,1,1,1,2019
1407,2019-01-02,2,1,1,2019
1408,2019-01-03,3,1,1,2019
1409,2019-01-04,4,1,1,2019
1410,2019-01-05,5,1,1,2019
1411,2019-01-06,6,1,1,2019
1412,2019-01-07,7,1,1,2019
1413,2019-01-08,8,1,1,2019
1414,2019-01-09,9,1,1,2019
1415,2019-01-10,10,1,1,2019
1416,2019-01-11,11,1,1,2019
1417,2019-01-12,12,1,1,2019
1418,2019-01-13,13,1,1,2019
1419,2019-01-14,14,1,1,2019
1420,2019-01-15,15,1,1,2019
1421,2019-01-16,16,1,1,2019
1422,2019-01-17,17,1,1,2019
1423,2019-01-18,18,1,1,2019
1424,2019-01-19,19,1,1,2019
1425,2019-01-20,20,1,1,2019
1426,2019-01-21,21,1,1,2019
1427,2019-01-22,22,1,1,2019
1428,2019-01-23,23,1,1,2019
1429,2019-01-24,24,1,1,2019
1430,2019-01-25,25,1,1,2019
1431,2019-01-26,26,1,1,2019
1432,2019-01-28,28,1,1,2019
1433,2019-01-29,29,1,1,2019
1434,2019-01-30,30,1,1,2019
1435,2019-01-31,31,1,1,2019
1436,2019-02-01,1,2,1,2019
1437,2019-02-02,2,2,1,2019
1438,2019-02-03,3,2,1,2019
1439,2019-02-04,4,2,1,2019
1440,2019-02-05,5,2,1,2019
1441,2019-02-06,6,2,1,2019
1442,2019-02-08,8,2,1,2019
1443,2019-02-09,9,2,1,2019
1444,2019-02-10,10,2,1,2019
1445,2019-02-11,11,2,1,2019
1446,2019-02-12,12,2,1,2019
1447,2019-02-13,13,2,1,2019
1448,2019-02-14,14,2,1,2019
1449,2019-02-15,15,2,1,2019
1450,2019-02-16,16,2,1,2019
1451,2019-02-17,17,2,1,2019
1452,2019-02-18,18,2,1,2019
1453,2019-02-20,20,2,1,2019
1454,2019-02-21,21,2,1,2019
1455,2019-02-22,22,2,1,2019
1456,2019-02-23,23,2,1,2019
1457,2019-02-24,24,2,1,2019
1458,2019-02-25,25,2,1,2019
1459,2019-02-26,26,2,1,2019
1460,2019-02-27,27,2,1,2019
1461,2019-02-28,28,2,1,2019
1462,2019-03-01,1,3,1,2019
1463,2019-03-02,2,3,1,2019
1464,2019-03-03,3,3,1,2019
1465,2019-03-04,4,3,1,2019
1466,2019-03-05,5,3,1,2019
1467,2019-03-06,6,3,1,2019
1468,2019-03-07,7,3,1,2019
1469,2019-03-08,8,3,1,2019
1470,2019-03-09,9,3,1,2019
1471,2019-03-10,10,3,1,2019
1472,2019-03-11,11,3,1,2019
1473,2019-03-12,12,3,1,2019
1474,2019-03-13,13,3,1,2019
1475,2019-03-14,14,3,1,2019
1476,2019-03-15,15,3,1,2019
1477,2019-03-16,16,3,1,2019
1478,2019-03-17,17,3,1,2019
1479,2019-03-18,18,3,1,2019
1480,2019-03-19,19,3,1,2019
1481,2019-03-21,21,3,1,2019
1482,2019-03-22,22,3,1,2019
1483,2019-03-23,23,3,1,2019
1484,2019-03-24,24,3,1,2019
1485,2019-03-25,25,3,1,2019
1486,2019-03-26,26,3,1,2019
1487,2019-03-27,27,3,1,2019
1488,2019-03-28,28,3,1,2019
1489,2019-03-29,29,3,1,2019
1490,2019-03-30,30,3,1,2019
1491,2019-03-31,31,3,1,2019
1492,2019-04-01,1,4,2,2019
1493,2019-04-02,2,4,2,2019
1494,2019-04-03,3,4,2,2019
1495,2019-04-04,4,4,2,2019
1496,2019-04-05,5,4,2,2019
1497,2019-04-06,6,4,2,2019
1498,2019-04-08,8,4,2,2019
1499,2019-04-09,9,4,2,2019
1500,2019-04-10,10,4,2,2019
1501,2019-04-11,11,4,2,2019
1502,2019-04-12,12,4,2,2019
1503,2019-04-13,13,4,2,2019
1504,2019-04-14,14,4,2,2019
1505,2019-04-15,15,4,2,2019
1506,2019-04-16,16,4,2,2019
1507,2019-04-17,17,4,2,2019
1508,2019-04-18,18,4,2,2019
1509,2019-04-19,19,4,2,2019
1510,2019-04-20,20,4,2,2019
1511,2019-04-21,21,4,2,2019
1512,2019-04-22,22,4,2,2019
1513,2019-04-23,23,4,2,2019
1514,2019-04-24,24,4,2,2019
1515,2019-04-25,25,4,2,2019
1516,2019-04-27,27,4,2,2019
1517,2019-04-28,28,4,2,2019
1518,2019-04-29,29,4,2,2019
1519,2019-04-30,30,4,2,2019
1520,2019-05-01,1,5,2,2019
1521,2019-05-02,2,5,2,2019
1522,2019-05-03,3,5,2,2019
1523,2019-05-04,4,5,2,2019
1524,2019-05-05,5,5,2,2019
1525,2019-05-06,6,5,2,2019
1526,2019-05-07,7,5,2,2019
1527,2019-05-08,8,5,2,2019
1528,2019-05-09,9,5,2,2019
1529,2019-05-10,10,5,2,2019
1530,2019-05-11,11,5,2,2019
1531,2019-05-12,12,5,2,2019
1532,2019-05-13,13,5,2,2019
1533,2019-05-14,14,5,2,2019
1534,2019-05-15,15,5,2,2019
1535,2019-05-16,16,5,2,2019
1536,2019-05-17,17,5,2,2019
1537,2019-05-18,18,5,2,2019
1538,2019-05-19,19,5,2,2019
1539,2019-05-20,20,5,2,2019
1540,2019-05-21,21,5,2,2019
1541,2019-05-22,22,5,2,2019
1542,2019-05-23,23,5,2,2019
1543,2019-05-24,24,5,2,2019
1544,2019-05-25,25,5,2,2019
1545,2019-05-26,26,5,2,2019
1546,2019-05-27,27,5,2,2019
1547,2019-05-28,28,5,2,2019
1548,2019-05-29,29,5,2,2019
1549,2019-05-30,30,5,2,2019
1550,2019-05-31,31,5,2,2019
1551,2019-06-01,1,6,2,2019
1552,2019-06-02,2,6,2,2019
1553,2019-06-03,3,6,2,2019
1554,2019-06-04,4,6,2,2019
1555,2019-06-05,5,6,2,2019
1556,2019-06-06,6,6,2,2019
1557,2019-06-07,7,6,2,2019
1558,2019-06-08,8,6,2,2019
1559,2019-06-09,9,6,2,2019
1560,2019-06-10,10,6,2,2019
1561,2019-06-11,11,6,2,2019
1562,2019-06-12,12,6,2,2019
1563,2019-06-13,13,6,2,2019
1564,2019-06-14,14,6,2,2019
1565,2019-06-15,15,6,2,2019
1566,2019-06-16,16,6,2,2019
1567,2019-06-17,17,6,2,2019
1568,2019-06-19,19,6,2,2019
1569,2019-06-21,21,6,2,2019
1570,2019-06-22,22,6,2,2019
1571,2019-06-23,23,6,2,2019
1572,2019-06-24,24,6,2,2019
1573,2019-06-25,25,6,2,2019
1574,2019-06-26,26,6,2,2019
1575,2019-06-28,28,6,2,2019
1576,2019-06-29,29,6,2,2019
1577,2019-06-30,30,6,2,2019
1578,2019-07-01,1,7,3,2019
1579,2019-07-03,3,7,3,2019
1580,2019-07-04,4,7,3,2019
1581,2019-07-05,5,7,3,2019
1582,2019-07-06,6,7,3,2019
1583,2019-07-08,8,7,3,2019
1584,2019-07-09,9,7,3,2019
1585,2019-07-10,10,7,3,2019
1586,2019-07-11,11,7,3,2019
1587,2019-07-12,12,7,3,2019
1588,2019-07-13,13,7,3,2019
1589,2019-07-14,14,7,3,2019
1590,2019-07-15,15,7,3,2019
1591,2019-07-17,17,7,3,2019
1592,2019-07-18,18,7,3,2019
1593,2019-07-19,19,7,3,2019
1594,2019-07-20,20,7,3,2019
1595,2019-07-21,21,7,3,2019
1596,2019-07-22,22,7,3,2019
1597,2019-07-23,23,7,3,2019
1598,2019-07-24,24,7,3,2019
1599,2019-07-25,25,7,3,2019
1600,2019-07-26,26,7,3,2019
1601,2019-07-27,27,7,3,2019
1602,2019-07-28,28,7,3,2019
1603,2019-07-30,30,7,3,2019
1604,2019-07-31,31,7,3,2019
1605,2019-08-01,1,8,3,2019
1606,2019-08-02,2,8,3,2019
1607,2019-08-03,3,8,3,2019
1608,2019-08-04,4,8,3,2019
1609,2019-08-06,6,8,3,2019
1610,2019-08-09,9,8,3,2019
1611,2019-08-10,10,8,3,2019
1612,2019-08-12,12,8,3,2019
1613,2019-08-13,13,8,3,2019
1614,2019-08-14,14,8,3,2019
1615,2019-08-15,15,8,3,2019
1616,2019-08-16,16,8,3,2019
1617,2019-08-17,17,8,3,2019
1618,2019-08-18,18,8,3,2019
1619,2019-08-19,19,8,3,2019
1620,2019-08-20,20,8,3,2019
1621,2019-08-21,21,8,3,2019
1622,2019-08-22,22,8,3,2019
1623,2019-08-23,23,8,3,2019
1624,2019-08-24,24,8,3,2019
1625,2019-08-25,25,8,3,2019
1626,2019-08-26,26,8,3,2019
1627,2019-08-27,27,8,3,2019
1628,2019-08-29,29,8,3,2019
1629,2019-08-30,30,8,3,2019
1630,2019-08-31,31,8,3,2019
1631,2019-09-01,1,9,3,2019
1632,2019-09-02,2,9,3,2019
1633,2019-09-03,3,9,3,2019
1634,2019-09-04,4,9,3,2019
1635,2019-09-05,5,9,3,2019
1636,2019-09-06,6,9,3,2019
1637,2019-09-08,8,9,3,2019
1638,2019-09-09,9,9,3,2019
1639,2019-09-11,11,9,3,2019
1640,2019-09-12,12,9,3,2019
1641,2019-09-13,13,9,3,2019
1642,2019-09-14,14,9,3,2019
1643,2019-09-15,15,9,3,2019
1644,2019-09-16,16,9,3,2019
1645,2019-09-19,19,9,3,2019
1646,2019-09-20,20,9,3,2019
1647,2019-09-21,21,9,3,2019
1648,2019-09-22,22,9,3,2019
1649,2019-09-23,23,9,3,2019
1650,2019-09-24,24,9,3,2019
1651,2019-09-25,25,9,3,2019
1652,2019-09-26,26,9,3,2019
1653,2019-09-27,27,9,3,2019
1654,2019-09-28,28,9,3,2019
1655,2019-09-29,29,9,3,2019
1656,2019-09-30,30,9,3,2019
1657,2019-10-01,1,10,4,2019
1658,2019-10-02,2,10,4,2019
1659,2019-10-03,3,10,4,2019
1660,2019-10-04,4,10,4,2019
1661,2019-10-08,8,10,4,2019
1662,2019-10-09,9,10,4,2019
1663,2019-10-10,10,10,4,2019
1664,2019-10-14,14,10,4,2019
1665,2019-10-15,15,10,4,2019
1666,2019-10-16,16,10,4,2019
1667,2019-10-17,17,10,4,2019
1668,2019-10-18,18,10,4,2019
1669,2019-10-19,19,10,4,2019
1670,2019-10-20,20,10,4,2019
1671,2019-10-21,21,10,4,2019
1672,2019-10-22,22,10,4,2019
1673,2019-10-24,24,10,4,2019
1674,2019-10-25,25,10,4,2019
1675,2019-10-26,26,10,4,2019
1676,2019-10-27,27,10,4,2019
1677,2019-10-28,28,10,4,2019
1678,2019-10-29,29,10,4,2019
1679,2019-10-30,30,10,4,2019
1680,2019-10-31,31,10,4,2019
1681,2019-11-01,1,11,4,2019
1682,2019-11-02,2,11,4,2019
1683,2019-11-03,3,11,4,2019
1684,2019-11-04,4,11,4,2019
1685,2019-11-05,5,11,4,2019
1686,2019-11-06,6,11,4,2019
1687,2019-11-07,7,11,4,2019
1688,2019-11-08,8,11,4,2019
1689,2019-11-09,9,11,4,2019
1690,2019-11-10,10,11,4,2019
1691,2019-11-11,11,11,4,2019
1692,2019-11-12,12,11,4,2019
1693,2019-11-13,13,11,4,2019
1694,2019-11-14,14,11,4,2019
1695,2019-11-15,15,11,4,2019
1696,2019-11-17,17,11,4,2019
1697,2019-11-18,18,11,4,2019
1698,2019-11-19,19,11,4,2019
1699,2019-11-20,20,11,4,2019
1700,2019-11-21,21,11,4,2019
1701,2019-11-22,22,11,4,2019
1702,2019-11-23,23,11,4,2019
1703,2019-11-24,24,11,4,2019
1704,2019-11-25,25,11,4,2019
1705,2019-11-26,26,11,4,2019
1706,2019-11-27,27,11,4,2019
1707,2019-11-28,28,11,4,2019
1708,2019-11-29,29,11,4,2019
1709,2019-11-30,30,11,4,2019
1710,2019-12-01,1,12,4,2019
1711,2019-12-02,2,12,4,2019
1712,2019-12-03,3,12,4,2019
1713,2019-12-05,5,12,4,2019
1714,2019-12-07,7,12,4,2019
1715,2019-12-08,8,12,4,2019
1716,2019-12-09,9,12,4,2019
1717,2019-12-11,11,12,4,2019
1718,2019-12-12,12,12,4,2019
1719,2019-12-13,13,12,4,2019
1720,2019-12-15,15,12,4,2019
1721,2019-12-16,16,12,4,2019
1722,2019-12-17,17,12,4,2019
1723,2019-12-18,18,12,4,2019
1724,2019-12-19,19,12,4,2019
1725,2019-12-20,20,12,4,2019
1726,2019-12-21,21,12,4,2019
1727,2019-12-22,22,12,4,2019
1728,2019-12-23,23,12,4,2019
1729,2019-12-24,24,12,4,2019
1730,2019-12-25,25,12,4,2019
1731,2019-12-26,26,12,4,2019
1732,2019-12-28,28,12,4,2019
1733,2019-12-29,29,12,4,2019
1734,2019-12-30,30,12,4,2019
1735,2019-12-31,31,12,4,2019
1736,2020-01-01,1,1,1,2020
1737,2020-01-02,2,1,1,2020
1738,2020-01-03,3,1,1,2020
1739,2020-01-04,4,1,1,2020
1740,2020-01-05,5,1,1,2020
1741,2020-01-06,6,1,1,2020
1742,2020-01-07,7,1,1,2020
1743,2020-01-08,8,1,1,2020
1744,2020-01-09,9,1,1,2020
1745,2020-01-10,10,1,1,2020
1746,2020-01-11,11,1,1,2020
1747,2020-01-12,12,1,1,2020
1748,2020-01-13,13,1,1,2020
1749,2020-01-14,14,1,1,2020
1750,2020-01-15,15,1,1,2020
1751,2020-01-16,16,1,1,2020
1752,2020-01-17,17,1,1,2020
1753,2020-01-18,18,1,1,2020
1754,2020-01-19,19,1,1,2020
1755,2020-01-20,20,1,1,2020
1756,2020-01-21,21,1,1,2020
1757,2020-01-22,22,1,1,2020
1758,2020-01-23,23,1,1,2020
1759,2020-01-24,24,1,1,2020
1760,2020-01-25,25,1,1,2020
1761,2020-01-26,26,1,1,2020
1762,2020-01-28,28,1,1,2020
1763,2020-01-29,29,1,1,2020
1764,2020-01-30,30,1,1,2020
1765,2020-01-31,31,1,1,2020
1766,2020-02-01,1,2,1,2020
1767,2020-02-02,2,2,1,2020
1768,2020-02-03,3,2,1,2020
1769,2020-02-04,4,2,1,2020
1770,2020-02-05,5,2,1,2020
1771,2020-02-06,6,2,1,2020
1772,2020-02-08,8,2,1,2020
1773,2020-02-09,9,2,1,2020
1774,2020-02-10,10,2,1,2020
1775,2020-02-11,11,2,1,2020
1776,2020-02-12,12,2,1,2020
1777,2020-02-13,13,2,1,2020
1778,2020-02-14,14,2,1,2020
1779,2020-02-15,15,2,1,2020
1780,2020-02-16,16,2,1,2020
1781,2020-02-17,17,2,1,2020
1782,2020-02-18,18,2,1,2020
1783,2020-02-20,20,2,1,2020
1784,2020-02-21,21,2,1,2020
1785,2020-02-22,22,2,1,2020
1786,2020-02-23,23,2,1,2020
1787,2020-02-25,25,2,1,2020
1788,2020-02-26,26,2,1,2020
1789,2020-02-27,27,2,1,2020
1790,2020-02-28,28,2,1,2020
1791,2020-02-29,29,2,1,2020
1792,2020-03-01,1,3,1,2020
1793,2020-03-02,2,3,1,2020
1794,2020-03-03,3,3,1,2020
1795,2020-03-04,4,3,1,2020
1796,2020-03-05,5,3,1,2020
1797,2020-03-06,6,3,1,2020
1798,2020-03-07,7,3,1,2020
1799,2020-03-08,8,3,1,2020
1800,2020-03-09,9,3,1,2020
1801,2020-03-10,10,3,1,2020
1802,2020-03-11,11,3,1,2020
1803,2020-03-12,12,3,1,2020
1804,2020-03-13,13,3,1,2020
1805,2020-03-14,14,3,1,2020
1806,2020-03-15,15,3,1,2020
1807,2020-03-16,16,3,1,2020
1808,2020-03-17,17,3,1,2020
1809,2020-03-18,18,3,1,2020
1810,2020-03-20,20,3,1,2020
1811,2020-03-21,21,3,1,2020
1812,2020-03-22,22,3,1,2020
1813,2020-03-23,23,3,1,2020
1814,2020-03-24,24,3,1,2020
1815,2020-03-25,25,3,1,2020
1816,2020-03-26,26,3,1,2020
1817,2020-03-27,27,3,1,2020
1818,2020-03-28,28,3,1,2020
1819,2020-03-29,29,3,1,2020
1820,2020-03-30,30,3,1,2020
1821,2020-03-31,31,3,1,2020
1822,2020-04-01,1,4,2,2020
1823,2020-04-02,2,4,2,2020
1824,2020-04-03,3,4,2,2020
1825,2020-04-04,4,4,2,2020
1826,2020-04-05,5,4,2,2020
1827,2020-04-07,7,4,2,2020
1828,2020-04-08,8,4,2,2020
1829,2020-04-09,9,4,2,2020
1830,2020-04-10,10,4,2,2020
1831,2020-04-11,11,4,2,2020
1832,2020-04-12,12,4,2,2020
1833,2020-04-13,13,4,2,2020
1834,2020-04-14,14,4,2,2020
1835,2020-04-15,15,4,2,2020
1836,2020-04-16,16,4,2,2020
1837,2020-04-17,17,4,2,2020
1838,2020-04-18,18,4,2,2020
1839,2020-04-19,19,4,2,2020
1840,2020-04-20,20,4,2,2020
1841,2020-04-21,21,4,2,2020
1842,2020-04-22,22,4,2,2020
1843,2020-04-23,23,4,2,2020
1844,2020-04-24,24,4,2,2020
1845,2020-04-26,26,4,2,2020
1846,2020-04-27,27,4,2,2020
1847,2020-04-28,28,4,2,2020
1848,2020-04-29,29,4,2,2020
1849,2020-04-30,30,4,2,2020
1850,2020-05-01,1,5,2,2020
1851,2020-05-02,2,5,2,2020
1852,2020-05-03,3,5,2,2020
1853,2020-05-04,4,5,2,2020
1854,2020-05-05,5,5,2,2020
1855,2020-05-06,6,5,2,2020
1856,2020-05-07,7,5,2,2020
1857,2020-05-08,8,5,2,2020
1858,2020-05-09,9,5,2,2020
1859,2020-05-10,10,5,2,2020
1860,2020-05-11,11,5,2,2020
1861,2020-05-12,12,5,2,2020
1862,2020-05-13,13,5,2,2020
1863,2020-05-14,14,5,2,2020
1864,2020-05-15,15,5,2,2020
1865,2020-05-16,16,5,2,2020
1866,2020-05-17,17,5,2,2020
1867,2020-05-18,18,5,2,2020
1868,2020-05-19,19,5,2,2020
1869,2020-05-20,20,5,2,2020
1870,2020-05-21,21,5,2,2020
1871,2020-05-22,22,5,2,2020
1872,2020-05-23,23,5,2,2020
1873,2020-05-24,24,5,2,2020
1874,2020-05-25,25,5,2,2020
1875,2020-05-26,26,5,2,2020
1876,2020-05-27,27,5,2,2020
1877,2020-05-28,28,5,2,2020
1878,2020-05-29,29,5,2,2020
1879,2020-05-30,30,5,2,2020
1880,2020-05-31,31,5,2,2020
1881,2020-06-01,1,6,2,2020
1882,2020-06-02,2,6,2,2020
1883,2020-06-03,3,6,2,2020
1884,2020-06-04,4,6,2,2020
1885,2020-06-05,5,6,2,2020
1886,2020-06-06,6,6,2,2020
1887,2020-06-07,7,6,2,2020
1888,2020-06-08,8,6,2,2020
1889,2020-06-09,9,6,2,2020
1890,2020-06-10,10,6,2,2020
1891,2020-06-11,11,6,2,2020
1892,2020-06-12,12,6,2,2020
1893,2020-06-13,13,6,2,2020
1894,2020-06-14,14,6,2,2020
1895,2020-06-15,15,6,2,2020
1896,2020-06-16,16,6,2,2020
1897,2020-06-17,17,6,2,2020
1898,2020-06-18,18,6,2,2020
1899,2020-06-20,20,6,2,2020
1900,2020-06-21,21,6,2,2020
1901,2020-06-22,22,6,2,2020
1902,2020-06-23,23,6,2,2020
1903,2020-06-24,24,6,2,2020
1904,2020-06-25,25,6,2,2020
1905,2020-06-26,26,6,2,2020
1906,2020-06-27,27,6,2,2020
1907,2020-06-28,28,6,2,2020
1908,2020-06-29,29,6,2,2020
1909,2020-06-30,30,6,2,2020
1910,2020-07-01,1,7,3,2020
1911,2020-07-02,2,7,3,2020
1912,2020-07-03,3,7,3,2020
1913,2020-07-04,4,7,3,2020
1914,2020-07-05,5,7,3,2020
1915,2020-07-07,7,7,3,2020
1916,2020-07-08,8,7,3,2020
1917,2020-07-09,9,7,3,2020
1918,2020-07-10,10,7,3,2020
1919,2020-07-11,11,7,3,2020
1920,2020-07-12,12,7,3,2020
1921,2020-07-13,13,7,3,2020
1922,2020-07-14,14,7,3,2020
1923,2020-07-16,16,7,3,2020
1924,2020-07-17,17,7,3,2020
1925,2020-07-18,18,7,3,2020
1926,2020-07-19,19,7,3,2020
1927,2020-07-20,20,7,3,2020
1928,2020-07-21,21,7,3,2020
1929,2020-07-22,22,7,3,2020
1930,2020-07-23,23,7,3,2020
1931,2020-07-24,24,7,3,2020
1932,2020-07-25,25,7,3,2020
1933,2020-07-26,26,7,3,2020
1934,2020-07-27,27,7,3,2020
1935,2020-07-29,29,7,3,2020
1936,2020-07-30,30,7,3,2020
1937,2020-07-31,31,7,3,2020
1938,2020-08-01,1,8,3,2020
1939,2020-08-02,2,8,3,2020
1940,2020-08-03,3,8,3,2020
1941,2020-08-05,5,8,3,2020
1942,2020-08-06,6,8,3,2020
1943,2020-08-08,8,8,3,2020
1944,2020-08-09,9,8,3,2020
1945,2020-08-10,10,8,3,2020
1946,2020-08-11,11,8,3,2020
1947,2020-08-12,12,8,3,2020
1948,2020-08-13,13,8,3,2020
1949,2020-08-14,14,8,3,2020
1950,2020-08-15,15,8,3,2020
1951,2020-08-16,16,8,3,2020
1952,2020-08-17,17,8,3,2020
1953,2020-08-18,18,8,3,2020
1954,2020-08-19,19,8,3,2020
1955,2020-08-20,20,8,3,2020
1956,2020-08-21,21,8,3,2020
1957,2020-08-22,22,8,3,2020
1958,2020-08-23,23,8,3,2020
1959,2020-08-24,24,8,3,2020
1960,2020-08-25,25,8,3,2020
1961,2020-08-26,26,8,3,2020
1962,2020-08-27,27,8,3,2020
1963,2020-08-28,28,8,3,2020
1964,2020-08-29,29,8,3,2020
1965,2020-08-30,30,8,3,2020
1966,2020-08-31,31,8,3,2020
1967,2020-09-01,1,9,3,2020
1968,2020-09-02,2,9,3,2020
1969,2020-09-03,3,9,3,2020
1970,2020-09-04,4,9,3,2020
1971,2020-09-05,5,9,3,2020
1972,2020-09-07,7,9,3,2020
1973,2020-09-08,8,9,3,2020
1974,2020-09-10,10,9,3,2020
1975,2020-09-11,11,9,3,2020
1976,2020-09-12,12,9,3,2020
1977,2020-09-13,13,9,3,2020
1978,2020-09-14,14,9,3,2020
1979,2020-09-15,15,9,3,2020
1980,2020-09-17,17,9,3,2020
1981,2020-09-18,18,9,3,2020
1982,2020-09-19,19,9,3,2020
1983,2020-09-20,20,9,3,2020
1984,2020-09-21,21,9,3,2020
1985,2020-09-22,22,9,3,2020
1986,2020-09-23,23,9,3,2020
1987,2020-09-24,24,9,3,2020
1988,2020-09-25,25,9,3,2020
1989,2020-09-26,26,9,3,2020
1990,2020-09-27,27,9,3,2020
1991,2020-09-28,28,9,3,2020
1992,2020-09-29,29,9,3,2020
1993,2020-09-30,30,9,3,2020
1994,2020-10-02,2,10,4,2020
1995,2020-10-03,3,10,4,2020
1996,2020-10-06,6,10,4,2020
1997,2020-10-07,7,10,4,2020
1998,2020-10-08,8,10,4,2020
1999,2020-10-09,9,10,4,2020
2000,2020-10-13,13,10,4,2020
2001,2020-10-14,14,10,4,2020
2002,2020-10-15,15,10,4,2020
2003,2020-10-16,16,10,4,2020
2004,2020-10-17,17,10,4,2020
2005,2020-10-18,18,10,4,2020
2006,2020-10-19,19,10,4,2020
2007,2020-10-20,20,10,4,2020
2008,2020-10-21,21,10,4,2020
2009,2020-10-22,22,10,4,2020
2010,2020-10-23,23,10,4,2020
2011,2020-10-24,24,10,4,2020
2012,2020-10-25,25,10,4,2020
2013,2020-10-26,26,10,4,2020
2014,2020-10-27,27,10,4,2020
2015,2020-10-28,28,10,4,2020
2016,2020-10-29,29,10,4,2020
2017,2020-10-30,30,10,4,2020
2018,2020-10-31,31,10,4,2020
2019,2020-11-01,1,11,4,2020
2020,2020-11-02,2,11,4,2020
2021,2020-11-03,3,11,4,2020
2022,2020-11-04,4,11,4,2020
2023,2020-11-05,5,11,4,2020
2024,2020-11-06,6,11,4,2020
2025,2020-11-07,7,11,4,2020
2026,2020-11-08,8,11,4,2020
2027,2020-11-09,9,11,4,2020
2028,2020-11-10,10,11,4,2020
2029,2020-11-11,11,11,4,2020
2030,2020-11-12,12,11,4,2020
2031,2020-11-13,13,11,4,2020
2032,2020-11-14,14,11,4,2020
2033,2020-11-16,16,11,4,2020
2034,2020-11-17,17,11,4,2020
2035,2020-11-18,18,11,4,2020
2036,2020-11-19,19,11,4,2020
2037,2020-11-20,20,11,4,2020
2038,2020-11-21,21,11,4,2020
2039,2020-11-22,22,11,4,2020
2040,2020-11-23,23,11,4,2020
2041,2020-11-24,24,11,4,2020
2042,2020-11-25,25,11,4,2020
2043,2020-11-26,26,11,4,2020
2044,2020-11-27,27,11,4,2020
2045,2020-11-28,28,11,4,2020
2046,2020-11-29,29,11,4,2020
2047,2020-11-30,30,11,4,2020
2048,2020-12-01,1,12,4,2020
2049,2020-12-02,2,12,4,2020
2050,2020-12-04,4,12,4,2020
2051,2020-12-06,6,12,4,2020
2052,2020-12-07,7,12,4,2020
2053,2020-12-08,8,12,4,2020
2054,2020-12-10,10,12,4,2020
2055,2020-12-11,11,12,4,2020
2056,2020-12-12,12,12,4,2020
2057,2020-12-14,14,12,4,2020
2058,2020-12-15,15,12,4,2020
2059,2020-12-16,16,12,4,2020
2060,2020-12-17,17,12,4,2020
2061,2020-12-18,18,12,4,2020
2062,2020-12-19,19,12,4,2020
2063,2020-12-20,20,12,4,2020
2064,2020-12-21,21,12,4,2020
2065,2020-12-22,22,12,4,2020
2066,2020-12-23,23,12,4,2020
2067,2020-12-24,24,12,4,2020
2068,2020-12-25,25,12,4,2020
2069,2020-12-26,26,12,4,2020
2070,2020-12-27,27,12,4,2020
2071,2020-12-28,28,12,4,2020
2072,2020-12-29,29,12,4,2020
2073,2020-12-30,30,12,4,2020
2074,2020-12-31,31,12,4,2020
2075,2021-01-01,1,1,1,2021
2076,2021-01-02,2,1,1,2021
2077,2021-01-03,3,1,1,2021
2078,2021-01-04,4,1,1,2021
2079,2021-01-05,5,1,1,2021
2080,2021-01-06,6,1,1,2021
2081,2021-01-07,7,1,1,2021
2082,2021-01-08,8,1,1,2021
2083,2021-01-09,9,1,1,2021
2084,2021-01-10,10,1,1,2021
2085,2021-01-11,11,1,1,2021
2086,2021-01-12,12,1,1,2021
2087,2021-01-13,13,1,1,2021
2088,2021-01-14,14,1,1,2021
2089,2021-01-15,15,1,1,2021
2090,2021-01-16,16,1,1,2021
2091,2021-01-17,17,1,1,2021
2092,2021-01-18,18,1,1,2021
2093,2021-01-19,19,1,1,2021
2094,2021-01-20,20,1,1,2021
2095,2021-01-21,21,1,1,2021
2096,2021-01-22,22,1,1,2021
2097,2021-01-23,23,1,1,2021
2098,2021-01-24,24,1,1,2021
2099,2021-01-25,25,1,1,2021
2100,2021-01-27,27,1,1,2021
2101,2021-01-28,28,1,1,2021
2102,2021-01-29,29,1,1,2021
2103,2021-01-30,30,1,1,2021
2104,2021-01-31,31,1,1,2021
2105,2021-02-01,1,2,1,2021
2106,2021-02-02,2,2,1,2021
2107,2021-02-03,3,2,1,2021
2108,2021-02-04,4,2,1,2021
2109,2021-02-05,5,2,1,2021
2110,2021-02-06,6,2,1,2021
2111,2021-02-07,7,2,1,2021
2112,2021-02-08,8,2,1,2021
2113,2021-02-09,9,2,1,2021
2114,2021-02-10,10,2,1,2021
2115,2021-02-11,11,2,1,2021
2116,2021-02-12,12,2,1,2021
2117,2021-02-13,13,2,1,2021
2118,2021-02-14,14,2,1,2021
2119,2021-02-15,15,2,1,2021
2120,2021-02-16,16,2,1,2021
2121,2021-02-17,17,2,1,2021
2122,2021-02-19,19,2,1,2021
2123,2021-02-20,20,2,1,2021
2124,2021-02-21,21,2,1,2021
2125,2021-02-22,22,2,1,2021
2126,2021-02-23,23,2,1,2021
2127,2021-02-24,24,2,1,2021
2128,2021-02-25,25,2,1,2021
2129,2021-02-26,26,2,1,2021
2130,2021-02-27,27,2,1,2021
2131,2021-02-28,28,2,1,2021
2132,2021-03-01,1,3,1,2021
2133,2021-03-02,2,3,1,2021
2134,2021-03-03,3,3,1,2021
2135,2021-03-04,4,3,1,2021
2136,2021-03-05,5,3,1,2021
2137,2021-03-06,6,3,1,2021
2138,2021-03-07,7,3,1,2021
2139,2021-03-08,8,3,1,2021
2140,2021-03-09,9,3,1,2021
2141,2021-03-10,10,3,1,2021
2142,2021-03-12,12,3,1,2021
2143,2021-03-13,13,3,1,2021
2144,2021-03-14,14,3,1,2021
2145,2021-03-15,15,3,1,2021
2146,2021-03-16,16,3,1,2021
2147,2021-03-17,17,3,1,2021
2148,2021-03-18,18,3,1,2021
2149,2021-03-19,19,3,1,2021
2150,2021-03-20,20,3,1,2021
2151,2021-03-21,21,3,1,2021
2152,2021-03-22,22,3,1,2021
2153,2021-03-23,23,3,1,2021
2154,2021-03-24,24,3,1,2021
2155,2021-03-25,25,3,1,2021
2156,2021-03-26,26,3,1,2021
2157,2021-03-27,27,3,1,2021
2158,2021-03-28,28,3,1,2021
2159,2021-03-29,29,3,1,2021
2160,2021-03-30,30,3,1,2021
2161,2021-03-31,31,3,1,2021
2162,2021-04-01,1,4,2,2021
2163,2021-04-02,2,4,2,2021
2164,2021-04-03,3,4,2,2021
2165,2021-04-04,4,4,2,2021
2166,2021-04-05,5,4,2,2021
2167,2021-04-07,7,4,2,2021
2168,2021-04-08,8,4,2,2021
2169,2021-04-09,9,4,2,2021
2170,2021-04-10,10,4,2,2021
2171,2021-04-11,11,4,2,2021
2172,2021-04-12,12,4,2,2021
2173,2021-04-13,13,4,2,2021
2174,2021-04-14,14,4,2,2021
2175,2021-04-15,15,4,2,2021
2176,2021-04-16,16,4,2,2021
2177,2021-04-17,17,4,2,2021
2178,2021-04-18,18,4,2,2021
2179,2021-04-19,19,4,2,2021
2180,2021-04-20,20,4,2,2021
2181,2021-04-21,21,4,2,2021
2182,2021-04-22,22,4,2,2021
2183,2021-04-23,23,4,2,2021
2184,2021-04-24,24,4,2,2021
2185,2021-04-25,25,4,2,2021
2186,2021-04-26,26,4,2,2021
2187,2021-04-27,27,4,2,2021
2188,2021-04-28,28,4,2,2021
2189,2021-04-29,29,4,2,2021
2190,2021-04-30,30,4,2,2021
2191,2021-05-01,1,5,2,2021
2192,2021-05-02,2,5,2,2021
2193,2021-05-03,3,5,2,2021
2194,2021-05-04,4,5,2,2021
2195,2021-05-05,5,5,2,2021
2196,2021-05-06,6,5,2,2021
2197,2021-05-07,7,5,2,2021
2198,2021-05-08,8,5,2,2021
2199,2021-05-09,9,5,2,2021
2200,2021-05-10,10,5,2,2021
2201,2021-05-11,11,5,2,2021
2202,2021-05-12,12,5,2,2021
2203,2021-05-13,13,5,2,2021
2204,2021-05-14,14,5,2,2021
2205,2021-05-15,15,5,2,2021
2206,2021-05-16,16,5,2,2021
2207,2021-05-17,17,5,2,2021
2208,2021-05-18,18,5,2,2021
2209,2021-05-19,19,5,2,2021
2210,2021-05-20,20,5,2,2021
2211,2021-05-21,21,5,2,2021
2212,2021-05-22,22,5,2,2021
2213,2021-05-23,23,5,2,2021
2214,2021-05-24,24,5,2,2021
2215,2021-05-25,25,5,2,2021
2216,2021-05-26,26,5,2,2021
2217,2021-05-27,27,5,2,2021
2218,2021-05-28,28,5,2,2021
2219,2021-05-29,29,5,2,2021
2220,2021-05-30,30,5,2,2021
2221,2021-05-31,31,5,2,2021
2222,2021-06-01,1,6,2,2021
2223,2021-06-02,2,6,2,2021
2224,2021-06-03,3,6,2,2021
2225,2021-06-04,4,6,2,2021
2226,2021-06-05,5,6,2,2021
2227,2021-06-06,6,6,2,2021
2228,2021-06-07,7,6,2,2021
2229,2021-06-08,8,6,2,2021
2230,2021-06-09,9,6,2,2021
2231,2021-06-10,10,6,2,2021
2232,2021-06-11,11,6,2,2021
2233,2021-06-12,12,6,2,2021
2234,2021-06-13,13,6,2,2021
2235,2021-06-14,14,6,2,2021
2236,2021-06-15,15,6,2,2021
2237,2021-06-16,16,6,2,2021
2238,2021-06-17,17,6,2,2021
2239,2021-06-18,18,6,2,2021
2240,2021-06-20,20,6,2,2021
2241,2021-06-21,21,6,2,2021
2242,2021-06-22,22,6,2,2021
2243,2021-06-23,23,6,2,2021
2244,2021-06-24,24,6,2,2021
2245,2021-06-25,25,6,2,2021
2246,2021-06-26,26,6,2,2021
2247,2021-06-27,27,6,2,2021
2248,2021-06-28,28,6,2,2021
2249,2021-06-29,29,6,2,2021
2250,2021-06-30,30,6,2,2021
2251,2021-07-01,1,7,3,2021
2252,2021-07-02,2,7,3,2021
2253,2021-07-03,3,7,3,2021
2254,2021-07-04,4,7,3,2021
2255,2021-07-05,5,7,3,2021
2256,2021-07-07,7,7,3,2021
2257,2021-07-08,8,7,3,2021
2258,2021-07-09,9,7,3,2021
2259,2021-07-10,10,7,3,2021
2260,2021-07-11,11,7,3,2021
2261,2021-07-12,12,7,3,2021
2262,2021-07-13,13,7,3,2021
2263,2021-07-14,14,7,3,2021
2264,2021-07-16,16,7,3,2021
2265,2021-07-17,17,7,3,2021
2266,2021-07-18,18,7,3,2021
2267,2021-07-19,19,7,3,2021
2268,2021-07-20,20,7,3,2021
2269,2021-07-21,21,7,3,2021
2270,2021-07-22,22,7,3,2021
2271,2021-07-23,23,7,3,2021
2272,2021-07-24,24,7,3,2021
2273,2021-07-25,25,7,3,2021
2274,2021-07-26,26,7,3,2021
2275,2021-07-27,27,7,3,2021
2276,2021-07-29,29,7,3,2021
2277,2021-07-30,30,7,3,2021
2278,2021-07-31,31,7,3,2021
2279,2021-08-01,1,8,3,2021
2280,2021-08-02,2,8,3,2021
2281,2021-08-03,3,8,3,2021
2282,2021-08-05,5,8,3,2021
2283,2021-08-06,6,8,3,2021
2284,2021-08-07,7,8,3,2021
2285,2021-08-08,8,8,3,2021
2286,2021-08-09,9,8,3,2021
2287,2021-08-10,10,8,3,2021
2288,2021-08-11,11,8,3,2021
2289,2021-08-12,12,8,3,2021
2290,2021-08-13,13,8,3,2021
2291,2021-08-14,14,8,3,2021
2292,2021-08-15,15,8,3,2021
2293,2021-08-16,16,8,3,2021
2294,2021-08-17,17,8,3,2021
2295,2021-08-18,18,8,3,2021
2296,2021-08-19,19,8,3,2021
2297,2021-08-20,20,8,3,2021
2298,2021-08-21,21,8,3,2021
2299,2021-08-22,22,8,3,2021
2300,2021-08-23,23,8,3,2021
2301,2021-08-24,24,8,3,2021
2302,2021-08-25,25,8,3,2021
2303,2021-08-26,26,8,3,2021
2304,2021-08-27,27,8,3,2021
2305,2021-08-28,28,8,3,2021
2306,2021-08-29,29,8,3,2021
2307,2021-08-30,30,8,3,2021
2308,2021-08-31,31,8,3,2021
2309,2021-09-01,1,9,3,2021
2310,2021-09-02,2,9,3,2021
2311,2021-09-03,3,9,3,2021
2312,2021-09-04,4,9,3,2021
2313,2021-09-05,5,9,3,2021
2314,2021-09-07,7,9,3,2021
2315,2021-09-08,8,9,3,2021
2316,2021-09-10,10,9,3,2021
2317,2021-09-11,11,9,3,2021
2318,2021-09-12,12,9,3,2021
2319,2021-09-13,13,9,3,2021
2320,2021-09-14,14,9,3,2021
2321,2021-09-15,15,9,3,2021
2322,2021-09-17,17,9,3,2021
2323,2021-09-18,18,9,3,2021
2324,2021-09-19,19,9,3,2021
2325,2021-09-20,20,9,3,2021
2326,2021-09-21,21,9,3,2021
2327,2021-09-22,22,9,3,2021
2328,2021-09-23,23,9,3,2021
2329,2021-09-24,24,9,3,2021
2330,2021-09-25,25,9,3,2021
2331,2021-09-26,26,9,3,2021
2332,2021-09-27,27,9,3,2021
2333,2021-09-28,28,9,3,2021
2334,2021-09-29,29,9,3,2021
2335,2021-09-30,30,9,3,2021
2336,2021-10-02,2,10,4,2021
2337,2021-10-03,3,10,4,2021
2338,2021-10-04,4,10,4,2021
2339,2021-10-06,6,10,4,2021
2340,2021-10-07,7,10,4,2021
2341,2021-10-08,8,10,4,2021
2342,2021-10-09,9,10,4,2021
2343,2021-10-11,11,10,4,2021
2344,2021-10-12,12,10,4,2021
2345,2021-10-13,13,10,4,2021
2346,2021-10-14,14,10,4,2021
2347,2021-10-15,15,10,4,2021
2348,2021-10-16,16,10,4,2021
2349,2021-10-17,17,10,4,2021
2350,2021-10-18,18,10,4,2021
2351,2021-10-19,19,10,4,2021
2352,2021-10-20,20,10,4,2021
2353,2021-10-21,21,10,4,2021
2354,2021-10-23,23,10,4,2021
2355,2021-10-24,24,10,4,2021
2356,2021-10-25,25,10,4,2021
2357,2021-10-26,26,10,4,2021
2358,2021-10-27,27,10,4,2021
2359,2021-10-28,28,10,4,2021
2360,2021-10-29,29,10,4,2021
2361,2021-10-30,30,10,4,2021
2362,2021-10-31,31,10,4,2021
2363,2021-11-01,1,11,4,2021
2364,2021-11-02,2,11,4,2021
2365,2021-11-03,3,11,4,2021
2366,2021-11-04,4,11,4,2021
2367,2021-11-05,5,11,4,2021
2368,2021-11-06,6,11,4,2021
2369,2021-11-07,7,11,4,2021
2370,2021-11-08,8,11,4,2021
2371,2021-11-09,9,11,4,2021
2372,2021-11-10,10,11,4,2021
2373,2021-11-11,11,11,4,2021
2374,2021-11-12,12,11,4,2021
2375,2021-11-13,13,11,4,2021
2376,2021-11-14,14,11,4,2021
2377,2021-11-15,15,11,4,2021
2378,2021-11-16,16,11,4,2021
2379,2021-11-17,17,11,4,2021
2380,2021-11-18,18,11,4,2021
2381,2021-11-19,19,11,4,2021
2382,2021-11-20,20,11,4,2021
2383,2021-11-21,21,11,4,2021
2384,2021-11-22,22,11,4,2021
2385,2021-11-23,23,11,4,2021
2386,2021-11-24,24,11,4,2021
2387,2021-11-25,25,11,4,2021
2388,2021-11-26,26,11,4,2021
2389,2021-11-27,27,11,4,2021
2390,2021-11-28,28,11,4,2021
2391,2021-11-29,29,11,4,2021
2392,2021-11-30,30,11,4,2021
2393,2021-12-01,1,12,4,2021
2394,2021-12-02,2,12,4,2021
2395,2021-12-04,4,12,4,2021
2396,2021-12-06,6,12,4,2021
2397,2021-12-07,7,12,4,2021
2398,2021-12-08,8,12,4,2021
2399,2021-12-10,10,12,4,2021
2400,2021-12-11,11,12,4,2021
2401,2021-12-12,12,12,4,2021
2402,2021-12-13,13,12,4,2021
2403,2021-12-14,14,12,4,2021
2404,2021-12-15,15,12,4,2021
2405,2021-12-16,16,12,4,2021
2406,2021-12-17,17,12,4,2021
2407,2021-12-18,18,12,4,2021
2408,2021-12-19,19,12,4,2021
2409,2021-12-20,20,12,4,2021
2410,2021-12-21,21,12,4,2021
2411,2021-12-22,22,12,4,2021
2412,2021-12-23,23,12,4,2021
2413,2021-12-24,24,12,4,2021
2414,2021-12-25,25,12,4,2021
2415,2021-12-26,26,12,4,2021
2416,2021-12-27,27,12,4,2021
2417,2021-12-28,28,12,4,2021
2418,2021-12-29,29,12,4,2021
2419,2021-12-30,30,12,4,2021
2420,2021-12-31,31,12,4,2021
2421,2022-01-01,1,1,1,2022
2422,2022-01-02,2,1,1,2022
2423,2022-01-03,3,1,1,2022
2424,2022-01-04,4,1,1,2022
2425,2022-01-05,5,1,1,2022
2426,2022-01-06,6,1,1,2022
2427,2022-01-07,7,1,1,2022
2428,2022-01-08,8,1,1,2022
2429,2022-01-09,9,1,1,2022
2430,2022-01-10,10,1,1,2022
2431,2022-01-11,11,1,1,2022
2432,2022-01-12,12,1,1,2022
2433,2022-01-13,13,1,1,2022
2434,2022-01-14,14,1,1,2022
2435,2022-01-15,15,1,1,2022
2436,2022-01-16,16,1,1,2022
2437,2022-01-17,17,1,1,2022
2438,2022-01-18,18,1,1,2022
2439,2022-01-19,19,1,1,2022
2440,2022-01-20,20,1,1,2022
2441,2022-01-21,21,1,1,2022
2442,2022-01-22,22,1,1,2022
2443,2022-01-23,23,1,1,2022
2444,2022-01-24,24,1,1,2022
2445,2022-01-25,25,1,1,2022
2446,2022-01-26,26,1,1,2022
2447,2022-01-27,27,1,1,2022
2448,2022-01-28,28,1,1,2022
2449,2022-01-29,29,1,1,2022
2450,2022-01-30,30,1,1,2022
2451,2022-01-31,31,1,1,2022
2452,2022-02-01,1,2,1,2022
2453,2022-02-02,2,2,1,2022
2454,2022-02-03,3,2,1,2022
2455,2022-02-04,4,2,1,2022
2456,2022-02-05,5,2,1,2022
2457,2022-02-06,6,2,1,2022
2458,2022-02-07,7,2,1,2022
2459,2022-02-08,8,2,1,2022
2460,2022-02-09,9,2,1,2022
2461,2022-02-10,10,2,1,2022
2462,2022-02-11,11,2,1,2022
2463,2022-02-12,12,2,1,2022
2464,2022-02-13,13,2,1,2022
2465,2022-02-14,14,2,1,2022
2466,2022-02-15,15,2,1,2022
2467,2022-02-16,16,2,1,2022
2468,2022-02-18,18,2,1,2022
2469,2022-02-19,19,2,1,2022
2470,2022-02-20,20,2,1,2022
2471,2022-02-21,21,2,1,2022
2472,2022-02-22,22,2,1,2022
2473,2022-02-23,23,2,1,2022
2474,2022-02-24,24,2,1,2022
2475,2022-02-25,25,2,1,2022
2476,2022-02-26,26,2,1,2022
2477,2022-02-27,27,2,1,2022
2478,2022-02-28,28,2,1,2022
2479,2022-03-01,1,3,1,2022
2480,2022-03-02,2,3,1,2022
2481,2022-03-03,3,3,1,2022
2482,2022-03-04,4,3,1,2022
2483,2022-03-05,5,3,1,2022
2484,2022-03-06,6,3,1,2022
2485,2022-03-07,7,3,1,2022
2486,2022-03-08,8,3,1,2022
2487,2022-03-09,9,3,1,2022
2488,2022-03-10,10,3,1,2022
2489,2022-03-11,11,3,1,2022
2490,2022-03-12,12,3,1,2022
2491,2022-03-13,13,3,1,2022
2492,2022-03-14,14,3,1,2022
2493,2022-03-15,15,3,1,2022
2494,2022-03-16,16,3,1,2022
2495,2022-03-17,17,3,1,2022
2496,2022-03-18,18,3,1,2022
2497,2022-03-19,19,3,1,2022
2498,2022-03-20,20,3,1,2022
2499,2022-03-21,21,3,1,2022
2500,2022-03-22,22,3,1,2022
2501,2022-03-23,23,3,1,2022
2502,2022-03-24,24,3,1,2022
2503,2022-03-25,25,3,1,2022
2504,2022-03-26,26,3,1,2022
2505,2022-03-27,27,3,1,2022
2506,2022-03-28,28,3,1,2022
2507,2022-03-29,29,3,1,2022
2508,2022-03-30,30,3,1,2022
2509,2022-03-31,31,3,1,2022
2510,2022-04-01,1,4,2,2022
2511,2022-04-02,2,4,2,2022
2512,2022-04-03,3,4,2,2022
2513,2022-04-04,4,4,2,2022
2514,2022-04-05,5,4,2,2022
2515,2022-04-07,7,4,2,2022
2516,2022-04-08,8,4,2,2022
2517,2022-04-09,9,4,2,2022
2518,2022-04-10,10,4,2,2022
2519,2022-04-11,11,4,2,2022
2520,2022-04-12,12,4,2,2022
2521,2022-04-13,13,4,2,2022
2522,2022-04-14,14,4,2,2022
2523,2022-04-15,15,4,2,2022
2524,2022-04-16,16,4,2,2022
2525,2022-04-17,17,4,2,2022
2526,2022-04-18,18,4,2,2022
2527,2022-04-19,19,4,2,2022
2528,2022-04-20,20,4,2,2022
2529,2022-04-21,21,4,2,2022
2530,2022-04-22,22,4,2,2022
2531,2022-04-23,23,4,2,2022
2532,2022-04-24,24,4,2,2022
2533,2022-04-25,25,4,2,2022
2534,2022-04-26,26,4,2,2022
2535,2022-04-27,27,4,2,2022
2536,2022-04-28,28,4,2,2022
2537,2022-04-29,29,4,2,2022
2538,2022-04-30,30,4,2,2022
2539,2022-05-01,1,5,2,2022
2540,2022-05-02,2,5,2,2022
2541,2022-05-03,3,5,2,2022
2542,2022-05-04,4,5,2,2022
2543,2022-05-05,5,5,2,2022
2544,2022-05-06,6,5,2,2022
2545,2022-05-07,7,5,2,2022
2546,2022-05-08,8,5,2,2022
2547,2022-05-09,9,5,2,2022
2548,2022-05-10,10,5,2,2022
2549,2022-05-11,11,5,2,2022
2550,2022-05-12,12,5,2,2022
2551,2022-05-13,13,5,2,2022
2552,2022-05-14,14,5,2,2022
2553,2022-05-15,15,5,2,2022
2554,2022-05-16,16,5,2,2022
2555,2022-05-17,17,5,2,2022
2556,2022-05-18,18,5,2,2022
2557,2022-05-19,19,5,2,2022
2558,2022-05-20,20,5,2,2022
2559,2022-05-21,21,5,2,2022
2560,2022-05-22,22,5,2,2022
2561,2022-05-23,23,5,2,2022
2562,2022-05-24,24,5,2,2022
2563,2022-05-25,25,5,2,2022
2564,2022-05-26,26,5,2,2022
2565,2022-05-27,27,5,2,2022
2566,2022-05-28,28,5,2,2022
2567,2022-05-29,29,5,2,2022
2568,2022-05-30,30,5,2,2022
2569,2022-05-31,31,5,2,2022
2570,2022-06-01,1,6,2,2022
2571,2022-06-02,2,6,2,2022
2572,2022-06-03,3,6,2,2022
2573,2022-06-04,4,6,2,2022
2574,2022-06-05,5,6,2,2022
2575,2022-06-06,6,6,2,2022
2576,2022-06-07,7,6,2,2022
2577,2022-06-08,8,6,2,2022
2578,2022-06-09,9,6,2,2022
2579,2022-06-10,10,6,2,2022
2580,2022-06-11,11,6,2,2022
2581,2022-06-12,12,6,2,2022
2582,2022-06-13,13,6,2,2022
2583,2022-06-14,14,6,2,2022
2584,2022-06-15,15,6,2,2022
2585,2022-06-16,16,6,2,2022
2586,2022-06-17,17,6,2,2022
2587,2022-06-18,18,6,2,2022
2588,2022-06-20,20,6,2,2022
2589,2022-06-21,21,6,2,2022
2590,2022-06-22,22,6,2,2022
2591,2022-06-23,23,6,2,2022
2592,2022-06-24,24,6,2,2022
2593,2022-06-25,25,6,2,2022
2594,2022-06-26,26,6,2,2022
2595,2022-06-27,27,6,2,2022
2596,2022-06-28,28,6,2,2022
2597,2022-06-29,29,6,2,2022
2598,2022-06-30,30,6,2,2022
2599,2022-07-01,1,7,3,2022
2600,2022-07-02,2,7,3,2022
2601,2022-07-03,3,7,3,2022
2602,2022-07-04,4,7,3,2022
2603,2022-07-05,5,7,3,2022
2604,2022-07-06,6,7,3,2022
2605,2022-07-07,7,7,3,2022
2606,2022-07-08,8,7,3,2022
2607,2022-07-09,9,7,3,2022
2608,2022-07-10,10,7,3,2022
2609,2022-07-11,11,7,3,2022
2610,2022-07-12,12,7,3,2022
2611,2022-07-13,13,7,3,2022
2612,2022-07-14,14,7,3,2022
2613,2022-07-16,16,7,3,2022
2614,2022-07-17,17,7,3,2022
2615,2022-07-18,18,7,3,2022
2616,2022-07-19,19,7,3,2022
2617,2022-07-20,20,7,3,2022
2618,2022-07-21,21,7,3,2022
2619,2022-07-22,22,7,3,2022
2620,2022-07-23,23,7,3,2022
2621,2022-07-24,24,7,3,2022
2622,2022-07-25,25,7,3,2022
2623,2022-07-26,26,7,3,2022
2624,2022-07-27,27,7,3,2022
2625,2022-07-29,29,7,3,2022
2626,2022-07-30,30,7,3,2022
2627,2022-07-31,31,7,3,2022
2628,2022-08-02,2,8,3,2022
2629,2022-08-03,3,8,3,2022
2630,2022-08-04,4,8,3,2022
2631,2022-08-05,5,8,3,2022
2632,2022-08-06,6,8,3,2022
2633,2022-08-07,7,8,3,2022
2634,2022-08-08,8,8,3,2022
2635,2022-08-09,9,8,3,2022
2636,2022-08-10,10,8,3,2022
2637,2022-08-11,11,8,3,2022
2638,2022-08-12,12,8,3,2022
2639,2022-08-13,13,8,3,2022
2640,2022-08-14,14,8,3,2022
2641,2022-08-15,15,8,3,2022
2642,2022-08-16,16,8,3,2022
2643,2022-08-17,17,8,3,2022
2644,2022-08-18,18,8,3,2022
2645,2022-08-19,19,8,3,2022
2646,2022-08-20,20,8,3,2022
2647,2022-08-21,21,8,3,2022
2648,2022-08-22,22,8,3,2022
2649,2022-08-23,23,8,3,2022
2650,2022-08-24,24,8,3,2022
2651,2022-08-25,25,8,3,2022
2652,2022-08-26,26,8,3,2022
2653,2022-08-27,27,8,3,2022
2654,2022-08-28,28,8,3,2022
2655,2022-08-29,29,8,3,2022
2656,2022-08-30,30,8,3,2022
2657,2022-08-31,31,8,3,2022
2658,2022-09-01,1,9,3,2022
2659,2022-09-02,2,9,3,2022
2660,2022-09-03,3,9,3,2022
2661,2022-09-04,4,9,3,2022
2662,2022-09-05,5,9,3,2022
2663,2022-09-07,7,9,3,2022
2664,2022-09-08,8,9,3,2022
2665,2022-09-10,10,9,3,2022
2666,2022-09-11,11,9,3,2022
2667,2022-09-12,12,9,3,2022
2668,2022-09-13,13,9,3,2022
2669,2022-09-14,14,9,3,2022
2670,2022-09-15,15,9,3,2022
2671,2022-09-17,17,9,3,2022
2672,2022-09-18,18,9,3,2022
2673,2022-09-19,19,9,3,2022
2674,2022-09-20,20,9,3,2022
2675,2022-09-21,21,9,3,2022
2676,2022-09-22,22,9,3,2022
2677,2022-09-23,23,9,3,2022
2678,2022-09-24,24,9,3,2022
2679,2022-09-25,25,9,3,2022
2680,2022-09-26,26,9,3,2022
2681,2022-09-27,27,9,3,2022
2682,2022-09-28,28,9,3,2022
2683,2022-09-29,29,9,3,2022
2684,2022-09-30,30,9,3,2022
2685,2022-10-01,1,10,4,2022
2686,2022-10-03,3,10,4,2022
2687,2022-10-04,4,10,4,2022
2688,2022-10-05,5,10,4,2022
2689,2022-10-06,6,10,4,2022
2690,2022-10-07,7,10,4,2022
2691,2022-10-08,8,10,4,2022
2692,2022-10-09,9,10,4,2022
2693,2022-10-11,11,10,4,2022
2694,2022-10-12,12,10,4,2022
2695,2022-10-13,13,10,4,2022
2696,2022-10-14,14,10,4,2022
2697,2022-10-15,15,10,4,2022
2698,2022-10-16,16,10,4,2022
2699,2022-10-17,17,10,4,2022
2700,2022-10-18,18,10,4,2022
2701,2022-10-19,19,10,4,2022
2702,2022-10-20,20,10,4,2022
2703,2022-10-21,21,10,4,2022
2704,2022-10-22,22,10,4,2022
2705,2022-10-23,23,10,4,2022
2706,2022-10-24,24,10,4,2022
2707,2022-10-25,25,10,4,2022
2708,2022-10-26,26,10,4,2022
2709,2022-10-27,27,10,4,2022
2710,2022-10-28,28,10,4,2022
2711,2022-10-29,29,10,4,2022
2712,2022-10-30,30,10,4,2022
2713,2022-10-31,31,10,4,2022
2714,2022-11-01,1,11,4,2022
2715,2022-11-02,2,11,4,2022
2716,2022-11-03,3,11,4,2022
2717,2022-11-04,4,11,4,2022
2718,2022-11-05,5,11,4,2022
2719,2022-11-06,6,11,4,2022
2720,2022-11-07,7,11,4,2022
2721,2022-11-08,8,11,4,2022
2722,2022-11-09,9,11,4,2022
2723,2022-11-10,10,11,4,2022
2724,2022-11-11,11,11,4,2022
2725,2022-11-12,12,11,4,2022
2726,2022-11-13,13,11,4,2022
2727,2022-11-14,14,11,4,2022
2728,2022-11-15,15,11,4,2022
2729,2022-11-16,16,11,4,2022
2730,2022-11-17,17,11,4,2022
2731,2022-11-18,18,11,4,2022
2732,2022-11-19,19,11,4,2022
2733,2022-11-20,20,11,4,2022
2734,2022-11-21,21,11,4,2022
2735,2022-11-22,22,11,4,2022
2736,2022-11-23,23,11,4,2022
2737,2022-11-24,24,11,4,2022
2738,2022-11-25,25,11,4,2022
2739,2022-11-26,26,11,4,2022
2740,2022-11-27,27,11,4,2022
2741,2022-11-28,28,11,4,2022
2742,2022-11-29,29,11,4,2022
2743,2022-11-30,30,11,4,2022
2744,2022-12-01,1,12,4,2022
2745,2022-12-02,2,12,4,2022
2746,2022-12-04,4,12,4,2022
2747,2022-12-06,6,12,4,2022
2748,2022-12-07,7,12,4,2022
2749,2022-12-08,8,12,4,2022
2750,2022-12-09,9,12,4,2022
2751,2022-12-10,10,12,4,2022
2752,2022-12-11,11,12,4,2022
2753,2022-12-12,12,12,4,2022
2754,2022-12-13,13,12,4,2022
2755,2022-12-14,14,12,4,2022
2756,2022-12-15,15,12,4,2022
2757,2022-12-16,16,12,4,2022
2758,2022-12-17,17,12,4,2022
2759,2022-12-18,18,12,4,2022
2760,2022-12-19,19,12,4,2022
2761,2022-12-20,20,12,4,2022
2762,2022-12-21,21,12,4,2022
2763,2022-12-22,22,12,4,2022
2764,2022-12-23,23,12,4,2022
2765,2022-12-24,24,12,4,2022
2766,2022-12-25,25,12,4,2022
2767,2022-12-26,26,12,4,2022
2768,2022-12-27,27,12,4,2022
2769,2022-12-28,28,12,4,2022
2770,2022-12-29,29,12,4,2022
2771,2022-12-31,31,12,4,2022
